Tests,Content,Result,Time
Fake Test 1,content: A goat can fly to the moon,FAKE,REST call Time: 0.052508 seconds
Fake Test 1,content: A goat can fly to the moon,FAKE,REST call Time: 0.030459 seconds
Fake Test 1,content: A goat can fly to the moon,FAKE,REST call Time: 0.025497 seconds
Fake Test 1,content: A goat can fly to the moon,FAKE,REST call Time: 0.025301 seconds
Fake Test 1,content: A goat can fly to the moon,FAKE,REST call Time: 0.023218 seconds
Fake Test 1,content: A goat can fly to the moon,FAKE,REST call Time: 0.027201 seconds
Fake Test 1,content: A goat can fly to the moon,FAKE,REST call Time: 0.022409 seconds
Fake Test 1,content: A goat can fly to the moon,FAKE,REST call Time: 0.049269 seconds
Fake Test 1,content: A goat can fly to the moon,FAKE,REST call Time: 0.033473 seconds
Fake Test 1,content: A goat can fly to the moon,FAKE,REST call Time: 0.021143 seconds
Fake Test 1,content: A goat can fly to the moon,FAKE,REST call Time: 0.026991 seconds
Fake Test 1,content: A goat can fly to the moon,FAKE,REST call Time: 0.021899 seconds
Fake Test 1,content: A goat can fly to the moon,FAKE,REST call Time: 0.021706 seconds
Fake Test 1,content: A goat can fly to the moon,FAKE,REST call Time: 0.020491 seconds
Fake Test 1,content: A goat can fly to the moon,FAKE,REST call Time: 0.019840 seconds
Fake Test 1,content: A goat can fly to the moon,FAKE,REST call Time: 0.021209 seconds
Fake Test 1,content: A goat can fly to the moon,FAKE,REST call Time: 0.020176 seconds
Fake Test 1,content: A goat can fly to the moon,FAKE,REST call Time: 0.019525 seconds
Fake Test 1,content: A goat can fly to the moon,FAKE,REST call Time: 0.022979 seconds
Fake Test 1,content: A goat can fly to the moon,FAKE,REST call Time: 0.021974 seconds
Fake Test 1,content: A goat can fly to the moon,FAKE,REST call Time: 0.020681 seconds
Fake Test 1,content: A goat can fly to the moon,FAKE,REST call Time: 0.019389 seconds
Fake Test 1,content: A goat can fly to the moon,FAKE,REST call Time: 0.020105 seconds
Fake Test 1,content: A goat can fly to the moon,FAKE,REST call Time: 0.031646 seconds
Fake Test 1,content: A goat can fly to the moon,FAKE,REST call Time: 0.036085 seconds
Fake Test 1,content: A goat can fly to the moon,FAKE,REST call Time: 0.024490 seconds
Fake Test 1,content: A goat can fly to the moon,FAKE,REST call Time: 0.021209 seconds
Fake Test 1,content: A goat can fly to the moon,FAKE,REST call Time: 0.023471 seconds
Fake Test 1,content: A goat can fly to the moon,FAKE,REST call Time: 0.021157 seconds
Fake Test 1,content: A goat can fly to the moon,FAKE,REST call Time: 0.020726 seconds
Fake Test 1,content: A goat can fly to the moon,FAKE,REST call Time: 0.020767 seconds
Fake Test 1,content: A goat can fly to the moon,FAKE,REST call Time: 0.019753 seconds
Fake Test 1,content: A goat can fly to the moon,FAKE,REST call Time: 0.023299 seconds
Fake Test 1,content: A goat can fly to the moon,FAKE,REST call Time: 0.023959 seconds
Fake Test 1,content: A goat can fly to the moon,FAKE,REST call Time: 0.021705 seconds
Fake Test 1,content: A goat can fly to the moon,FAKE,REST call Time: 0.020370 seconds
Fake Test 1,content: A goat can fly to the moon,FAKE,REST call Time: 0.019975 seconds
Fake Test 1,content: A goat can fly to the moon,FAKE,REST call Time: 0.020210 seconds
Fake Test 1,content: A goat can fly to the moon,FAKE,REST call Time: 0.023290 seconds
Fake Test 1,content: A goat can fly to the moon,FAKE,REST call Time: 0.019006 seconds
Fake Test 1,content: A goat can fly to the moon,FAKE,REST call Time: 0.028184 seconds
Fake Test 1,content: A goat can fly to the moon,FAKE,REST call Time: 0.019435 seconds
Fake Test 1,content: A goat can fly to the moon,FAKE,REST call Time: 0.019366 seconds
Fake Test 1,content: A goat can fly to the moon,FAKE,REST call Time: 0.019422 seconds
Fake Test 1,content: A goat can fly to the moon,FAKE,REST call Time: 0.056440 seconds
Fake Test 1,content: A goat can fly to the moon,FAKE,REST call Time: 0.040169 seconds
Fake Test 1,content: A goat can fly to the moon,FAKE,REST call Time: 0.020975 seconds
Fake Test 1,content: A goat can fly to the moon,FAKE,REST call Time: 0.021169 seconds
Fake Test 1,content: A goat can fly to the moon,FAKE,REST call Time: 0.020064 seconds
Fake Test 1,content: A goat can fly to the moon,FAKE,REST call Time: 0.028003 seconds
Fake Test 1,content: A goat can fly to the moon,FAKE,REST call Time: 0.020720 seconds
Fake Test 1,content: A goat can fly to the moon,FAKE,REST call Time: 0.019514 seconds
Fake Test 1,content: A goat can fly to the moon,FAKE,REST call Time: 0.022641 seconds
Fake Test 1,content: A goat can fly to the moon,FAKE,REST call Time: 0.035177 seconds
Fake Test 1,content: A goat can fly to the moon,FAKE,REST call Time: 0.034377 seconds
Fake Test 1,content: A goat can fly to the moon,FAKE,REST call Time: 0.030781 seconds
Fake Test 1,content: A goat can fly to the moon,FAKE,REST call Time: 0.029210 seconds
Fake Test 1,content: A goat can fly to the moon,FAKE,REST call Time: 0.020471 seconds
Fake Test 1,content: A goat can fly to the moon,FAKE,REST call Time: 0.018901 seconds
Fake Test 1,content: A goat can fly to the moon,FAKE,REST call Time: 0.019061 seconds
Fake Test 1,content: A goat can fly to the moon,FAKE,REST call Time: 0.019953 seconds
Fake Test 1,content: A goat can fly to the moon,FAKE,REST call Time: 0.024118 seconds
Fake Test 1,content: A goat can fly to the moon,FAKE,REST call Time: 0.019958 seconds
Fake Test 1,content: A goat can fly to the moon,FAKE,REST call Time: 0.027031 seconds
Fake Test 1,content: A goat can fly to the moon,FAKE,REST call Time: 0.025136 seconds
Fake Test 1,content: A goat can fly to the moon,FAKE,REST call Time: 0.029237 seconds
Fake Test 1,content: A goat can fly to the moon,FAKE,REST call Time: 0.020127 seconds
Fake Test 1,content: A goat can fly to the moon,FAKE,REST call Time: 0.033921 seconds
Fake Test 1,content: A goat can fly to the moon,FAKE,REST call Time: 0.040254 seconds
Fake Test 1,content: A goat can fly to the moon,FAKE,REST call Time: 0.020362 seconds
Fake Test 1,content: A goat can fly to the moon,FAKE,REST call Time: 0.020976 seconds
Fake Test 1,content: A goat can fly to the moon,FAKE,REST call Time: 0.019411 seconds
Fake Test 1,content: A goat can fly to the moon,FAKE,REST call Time: 0.027729 seconds
Fake Test 1,content: A goat can fly to the moon,FAKE,REST call Time: 0.022311 seconds
Fake Test 1,content: A goat can fly to the moon,FAKE,REST call Time: 0.021783 seconds
Fake Test 1,content: A goat can fly to the moon,FAKE,REST call Time: 0.020591 seconds
Fake Test 1,content: A goat can fly to the moon,FAKE,REST call Time: 0.020462 seconds
Fake Test 1,content: A goat can fly to the moon,FAKE,REST call Time: 0.020510 seconds
Fake Test 1,content: A goat can fly to the moon,FAKE,REST call Time: 0.020814 seconds
Fake Test 1,content: A goat can fly to the moon,FAKE,REST call Time: 0.019134 seconds
Fake Test 1,content: A goat can fly to the moon,FAKE,REST call Time: 0.019751 seconds
Fake Test 1,content: A goat can fly to the moon,FAKE,REST call Time: 0.021473 seconds
Fake Test 1,content: A goat can fly to the moon,FAKE,REST call Time: 0.035105 seconds
Fake Test 1,content: A goat can fly to the moon,FAKE,REST call Time: 0.026175 seconds
Fake Test 1,content: A goat can fly to the moon,FAKE,REST call Time: 0.024170 seconds
Fake Test 1,content: A goat can fly to the moon,FAKE,REST call Time: 0.023336 seconds
Fake Test 1,content: A goat can fly to the moon,FAKE,REST call Time: 0.024006 seconds
Fake Test 1,content: A goat can fly to the moon,FAKE,REST call Time: 0.025644 seconds
Fake Test 1,content: A goat can fly to the moon,FAKE,REST call Time: 0.022751 seconds
Fake Test 1,content: A goat can fly to the moon,FAKE,REST call Time: 0.027166 seconds
Fake Test 1,content: A goat can fly to the moon,FAKE,REST call Time: 0.024068 seconds
Fake Test 1,content: A goat can fly to the moon,FAKE,REST call Time: 0.024749 seconds
Fake Test 1,content: A goat can fly to the moon,FAKE,REST call Time: 0.021850 seconds
Fake Test 1,content: A goat can fly to the moon,FAKE,REST call Time: 0.036398 seconds
Fake Test 1,content: A goat can fly to the moon,FAKE,REST call Time: 0.047027 seconds
Fake Test 1,content: A goat can fly to the moon,FAKE,REST call Time: 0.023690 seconds
Fake Test 1,content: A goat can fly to the moon,FAKE,REST call Time: 0.029662 seconds
Fake Test 1,content: A goat can fly to the moon,FAKE,REST call Time: 0.036219 seconds
Fake Test 1,content: A goat can fly to the moon,FAKE,REST call Time: 0.029427 seconds
Fake Test 1,content: A goat can fly to the moon,FAKE,REST call Time: 0.033216 seconds
Fake Test 2,content: Earth's water ran out since 2023,FAKE,REST call Time: 0.047733 seconds
Fake Test 2,content: Earth's water ran out since 2023,FAKE,REST call Time: 0.021091 seconds
Fake Test 2,content: Earth's water ran out since 2023,FAKE,REST call Time: 0.023073 seconds
Fake Test 2,content: Earth's water ran out since 2023,FAKE,REST call Time: 0.024178 seconds
Fake Test 2,content: Earth's water ran out since 2023,FAKE,REST call Time: 0.036682 seconds
Fake Test 2,content: Earth's water ran out since 2023,FAKE,REST call Time: 0.025331 seconds
Fake Test 2,content: Earth's water ran out since 2023,FAKE,REST call Time: 0.022746 seconds
Fake Test 2,content: Earth's water ran out since 2023,FAKE,REST call Time: 0.021896 seconds
Fake Test 2,content: Earth's water ran out since 2023,FAKE,REST call Time: 0.037992 seconds
Fake Test 2,content: Earth's water ran out since 2023,FAKE,REST call Time: 0.024191 seconds
Fake Test 2,content: Earth's water ran out since 2023,FAKE,REST call Time: 0.023271 seconds
Fake Test 2,content: Earth's water ran out since 2023,FAKE,REST call Time: 0.061393 seconds
Fake Test 2,content: Earth's water ran out since 2023,FAKE,REST call Time: 0.050699 seconds
Fake Test 2,content: Earth's water ran out since 2023,FAKE,REST call Time: 0.055253 seconds
Fake Test 2,content: Earth's water ran out since 2023,FAKE,REST call Time: 0.030452 seconds
Fake Test 2,content: Earth's water ran out since 2023,FAKE,REST call Time: 0.049723 seconds
Fake Test 2,content: Earth's water ran out since 2023,FAKE,REST call Time: 0.041837 seconds
Fake Test 2,content: Earth's water ran out since 2023,FAKE,REST call Time: 0.023989 seconds
Fake Test 2,content: Earth's water ran out since 2023,FAKE,REST call Time: 0.028800 seconds
Fake Test 2,content: Earth's water ran out since 2023,FAKE,REST call Time: 0.022938 seconds
Fake Test 2,content: Earth's water ran out since 2023,FAKE,REST call Time: 0.023080 seconds
Fake Test 2,content: Earth's water ran out since 2023,FAKE,REST call Time: 0.021104 seconds
Fake Test 2,content: Earth's water ran out since 2023,FAKE,REST call Time: 0.020120 seconds
Fake Test 2,content: Earth's water ran out since 2023,FAKE,REST call Time: 0.035830 seconds
Fake Test 2,content: Earth's water ran out since 2023,FAKE,REST call Time: 0.036473 seconds
Fake Test 2,content: Earth's water ran out since 2023,FAKE,REST call Time: 0.019555 seconds
Fake Test 2,content: Earth's water ran out since 2023,FAKE,REST call Time: 0.023022 seconds
Fake Test 2,content: Earth's water ran out since 2023,FAKE,REST call Time: 0.021046 seconds
Fake Test 2,content: Earth's water ran out since 2023,FAKE,REST call Time: 0.022541 seconds
Fake Test 2,content: Earth's water ran out since 2023,FAKE,REST call Time: 0.021118 seconds
Fake Test 2,content: Earth's water ran out since 2023,FAKE,REST call Time: 0.022358 seconds
Fake Test 2,content: Earth's water ran out since 2023,FAKE,REST call Time: 0.025277 seconds
Fake Test 2,content: Earth's water ran out since 2023,FAKE,REST call Time: 0.020831 seconds
Fake Test 2,content: Earth's water ran out since 2023,FAKE,REST call Time: 0.019646 seconds
Fake Test 2,content: Earth's water ran out since 2023,FAKE,REST call Time: 0.021135 seconds
Fake Test 2,content: Earth's water ran out since 2023,FAKE,REST call Time: 0.021607 seconds
Fake Test 2,content: Earth's water ran out since 2023,FAKE,REST call Time: 0.019960 seconds
Fake Test 2,content: Earth's water ran out since 2023,FAKE,REST call Time: 0.020968 seconds
Fake Test 2,content: Earth's water ran out since 2023,FAKE,REST call Time: 0.019900 seconds
Fake Test 2,content: Earth's water ran out since 2023,FAKE,REST call Time: 0.021117 seconds
Fake Test 2,content: Earth's water ran out since 2023,FAKE,REST call Time: 0.025112 seconds
Fake Test 2,content: Earth's water ran out since 2023,FAKE,REST call Time: 0.023492 seconds
Fake Test 2,content: Earth's water ran out since 2023,FAKE,REST call Time: 0.025223 seconds
Fake Test 2,content: Earth's water ran out since 2023,FAKE,REST call Time: 0.048123 seconds
Fake Test 2,content: Earth's water ran out since 2023,FAKE,REST call Time: 0.036278 seconds
Fake Test 2,content: Earth's water ran out since 2023,FAKE,REST call Time: 0.024212 seconds
Fake Test 2,content: Earth's water ran out since 2023,FAKE,REST call Time: 0.023929 seconds
Fake Test 2,content: Earth's water ran out since 2023,FAKE,REST call Time: 0.021724 seconds
Fake Test 2,content: Earth's water ran out since 2023,FAKE,REST call Time: 0.037171 seconds
Fake Test 2,content: Earth's water ran out since 2023,FAKE,REST call Time: 0.066586 seconds
Fake Test 2,content: Earth's water ran out since 2023,FAKE,REST call Time: 0.022541 seconds
Fake Test 2,content: Earth's water ran out since 2023,FAKE,REST call Time: 0.019104 seconds
Fake Test 2,content: Earth's water ran out since 2023,FAKE,REST call Time: 0.019380 seconds
Fake Test 2,content: Earth's water ran out since 2023,FAKE,REST call Time: 0.021538 seconds
Fake Test 2,content: Earth's water ran out since 2023,FAKE,REST call Time: 0.022775 seconds
Fake Test 2,content: Earth's water ran out since 2023,FAKE,REST call Time: 0.020231 seconds
Fake Test 2,content: Earth's water ran out since 2023,FAKE,REST call Time: 0.021013 seconds
Fake Test 2,content: Earth's water ran out since 2023,FAKE,REST call Time: 0.019857 seconds
Fake Test 2,content: Earth's water ran out since 2023,FAKE,REST call Time: 0.020686 seconds
Fake Test 2,content: Earth's water ran out since 2023,FAKE,REST call Time: 0.023297 seconds
Fake Test 2,content: Earth's water ran out since 2023,FAKE,REST call Time: 0.019462 seconds
Fake Test 2,content: Earth's water ran out since 2023,FAKE,REST call Time: 0.020259 seconds
Fake Test 2,content: Earth's water ran out since 2023,FAKE,REST call Time: 0.019413 seconds
Fake Test 2,content: Earth's water ran out since 2023,FAKE,REST call Time: 0.019426 seconds
Fake Test 2,content: Earth's water ran out since 2023,FAKE,REST call Time: 0.020817 seconds
Fake Test 2,content: Earth's water ran out since 2023,FAKE,REST call Time: 0.019757 seconds
Fake Test 2,content: Earth's water ran out since 2023,FAKE,REST call Time: 0.022064 seconds
Fake Test 2,content: Earth's water ran out since 2023,FAKE,REST call Time: 0.020656 seconds
Fake Test 2,content: Earth's water ran out since 2023,FAKE,REST call Time: 0.035574 seconds
Fake Test 2,content: Earth's water ran out since 2023,FAKE,REST call Time: 0.035290 seconds
Fake Test 2,content: Earth's water ran out since 2023,FAKE,REST call Time: 0.022221 seconds
Fake Test 2,content: Earth's water ran out since 2023,FAKE,REST call Time: 0.019603 seconds
Fake Test 2,content: Earth's water ran out since 2023,FAKE,REST call Time: 0.020590 seconds
Fake Test 2,content: Earth's water ran out since 2023,FAKE,REST call Time: 0.020066 seconds
Fake Test 2,content: Earth's water ran out since 2023,FAKE,REST call Time: 0.019322 seconds
Fake Test 2,content: Earth's water ran out since 2023,FAKE,REST call Time: 0.019788 seconds
Fake Test 2,content: Earth's water ran out since 2023,FAKE,REST call Time: 0.019698 seconds
Fake Test 2,content: Earth's water ran out since 2023,FAKE,REST call Time: 0.023206 seconds
Fake Test 2,content: Earth's water ran out since 2023,FAKE,REST call Time: 0.020145 seconds
Fake Test 2,content: Earth's water ran out since 2023,FAKE,REST call Time: 0.020190 seconds
Fake Test 2,content: Earth's water ran out since 2023,FAKE,REST call Time: 0.023258 seconds
Fake Test 2,content: Earth's water ran out since 2023,FAKE,REST call Time: 0.021048 seconds
Fake Test 2,content: Earth's water ran out since 2023,FAKE,REST call Time: 0.020795 seconds
Fake Test 2,content: Earth's water ran out since 2023,FAKE,REST call Time: 0.020369 seconds
Fake Test 2,content: Earth's water ran out since 2023,FAKE,REST call Time: 0.019920 seconds
Fake Test 2,content: Earth's water ran out since 2023,FAKE,REST call Time: 0.018456 seconds
Fake Test 2,content: Earth's water ran out since 2023,FAKE,REST call Time: 0.019021 seconds
Fake Test 2,content: Earth's water ran out since 2023,FAKE,REST call Time: 0.020851 seconds
Fake Test 2,content: Earth's water ran out since 2023,FAKE,REST call Time: 0.020407 seconds
Fake Test 2,content: Earth's water ran out since 2023,FAKE,REST call Time: 0.031176 seconds
Fake Test 2,content: Earth's water ran out since 2023,FAKE,REST call Time: 0.024381 seconds
Fake Test 2,content: Earth's water ran out since 2023,FAKE,REST call Time: 0.021025 seconds
Fake Test 2,content: Earth's water ran out since 2023,FAKE,REST call Time: 0.020136 seconds
Fake Test 2,content: Earth's water ran out since 2023,FAKE,REST call Time: 0.021883 seconds
Fake Test 2,content: Earth's water ran out since 2023,FAKE,REST call Time: 0.023438 seconds
Fake Test 2,content: Earth's water ran out since 2023,FAKE,REST call Time: 0.019460 seconds
Fake Test 2,content: Earth's water ran out since 2023,FAKE,REST call Time: 0.021744 seconds
Fake Test 2,content: Earth's water ran out since 2023,FAKE,REST call Time: 0.020003 seconds
Fake Test 2,content: Earth's water ran out since 2023,FAKE,REST call Time: 0.020149 seconds
Fake Test 2,content: Earth's water ran out since 2023,FAKE,REST call Time: 0.020026 seconds
Real Test 1,content: Lin Dan won olympics in the badminton category in years 2008 and 2012,REAL,REST call Time: 0.019746 seconds
Real Test 1,content: Lin Dan won olympics in the badminton category in years 2008 and 2012,REAL,REST call Time: 0.021918 seconds
Real Test 1,content: Lin Dan won olympics in the badminton category in years 2008 and 2012,REAL,REST call Time: 0.019314 seconds
Real Test 1,content: Lin Dan won olympics in the badminton category in years 2008 and 2012,REAL,REST call Time: 0.019603 seconds
Real Test 1,content: Lin Dan won olympics in the badminton category in years 2008 and 2012,REAL,REST call Time: 0.018880 seconds
Real Test 1,content: Lin Dan won olympics in the badminton category in years 2008 and 2012,REAL,REST call Time: 0.019902 seconds
Real Test 1,content: Lin Dan won olympics in the badminton category in years 2008 and 2012,REAL,REST call Time: 0.022421 seconds
Real Test 1,content: Lin Dan won olympics in the badminton category in years 2008 and 2012,REAL,REST call Time: 0.020600 seconds
Real Test 1,content: Lin Dan won olympics in the badminton category in years 2008 and 2012,REAL,REST call Time: 0.020438 seconds
Real Test 1,content: Lin Dan won olympics in the badminton category in years 2008 and 2012,REAL,REST call Time: 0.020175 seconds
Real Test 1,content: Lin Dan won olympics in the badminton category in years 2008 and 2012,REAL,REST call Time: 0.019540 seconds
Real Test 1,content: Lin Dan won olympics in the badminton category in years 2008 and 2012,REAL,REST call Time: 0.020355 seconds
Real Test 1,content: Lin Dan won olympics in the badminton category in years 2008 and 2012,REAL,REST call Time: 0.019191 seconds
Real Test 1,content: Lin Dan won olympics in the badminton category in years 2008 and 2012,REAL,REST call Time: 0.031034 seconds
Real Test 1,content: Lin Dan won olympics in the badminton category in years 2008 and 2012,REAL,REST call Time: 0.034134 seconds
Real Test 1,content: Lin Dan won olympics in the badminton category in years 2008 and 2012,REAL,REST call Time: 0.026037 seconds
Real Test 1,content: Lin Dan won olympics in the badminton category in years 2008 and 2012,REAL,REST call Time: 0.021600 seconds
Real Test 1,content: Lin Dan won olympics in the badminton category in years 2008 and 2012,REAL,REST call Time: 0.020371 seconds
Real Test 1,content: Lin Dan won olympics in the badminton category in years 2008 and 2012,REAL,REST call Time: 0.020476 seconds
Real Test 1,content: Lin Dan won olympics in the badminton category in years 2008 and 2012,REAL,REST call Time: 0.019782 seconds
Real Test 1,content: Lin Dan won olympics in the badminton category in years 2008 and 2012,REAL,REST call Time: 0.018980 seconds
Real Test 1,content: Lin Dan won olympics in the badminton category in years 2008 and 2012,REAL,REST call Time: 0.019478 seconds
Real Test 1,content: Lin Dan won olympics in the badminton category in years 2008 and 2012,REAL,REST call Time: 0.018970 seconds
Real Test 1,content: Lin Dan won olympics in the badminton category in years 2008 and 2012,REAL,REST call Time: 0.022982 seconds
Real Test 1,content: Lin Dan won olympics in the badminton category in years 2008 and 2012,REAL,REST call Time: 0.022747 seconds
Real Test 1,content: Lin Dan won olympics in the badminton category in years 2008 and 2012,REAL,REST call Time: 0.019137 seconds
Real Test 1,content: Lin Dan won olympics in the badminton category in years 2008 and 2012,REAL,REST call Time: 0.020137 seconds
Real Test 1,content: Lin Dan won olympics in the badminton category in years 2008 and 2012,REAL,REST call Time: 0.021180 seconds
Real Test 1,content: Lin Dan won olympics in the badminton category in years 2008 and 2012,REAL,REST call Time: 0.023914 seconds
Real Test 1,content: Lin Dan won olympics in the badminton category in years 2008 and 2012,REAL,REST call Time: 0.020310 seconds
Real Test 1,content: Lin Dan won olympics in the badminton category in years 2008 and 2012,REAL,REST call Time: 0.018902 seconds
Real Test 1,content: Lin Dan won olympics in the badminton category in years 2008 and 2012,REAL,REST call Time: 0.019204 seconds
Real Test 1,content: Lin Dan won olympics in the badminton category in years 2008 and 2012,REAL,REST call Time: 0.018597 seconds
Real Test 1,content: Lin Dan won olympics in the badminton category in years 2008 and 2012,REAL,REST call Time: 0.019523 seconds
Real Test 1,content: Lin Dan won olympics in the badminton category in years 2008 and 2012,REAL,REST call Time: 0.021058 seconds
Real Test 1,content: Lin Dan won olympics in the badminton category in years 2008 and 2012,REAL,REST call Time: 0.023250 seconds
Real Test 1,content: Lin Dan won olympics in the badminton category in years 2008 and 2012,REAL,REST call Time: 0.022032 seconds
Real Test 1,content: Lin Dan won olympics in the badminton category in years 2008 and 2012,REAL,REST call Time: 0.020329 seconds
Real Test 1,content: Lin Dan won olympics in the badminton category in years 2008 and 2012,REAL,REST call Time: 0.019561 seconds
Real Test 1,content: Lin Dan won olympics in the badminton category in years 2008 and 2012,REAL,REST call Time: 0.021322 seconds
Real Test 1,content: Lin Dan won olympics in the badminton category in years 2008 and 2012,REAL,REST call Time: 0.020641 seconds
Real Test 1,content: Lin Dan won olympics in the badminton category in years 2008 and 2012,REAL,REST call Time: 0.018944 seconds
Real Test 1,content: Lin Dan won olympics in the badminton category in years 2008 and 2012,REAL,REST call Time: 0.020965 seconds
Real Test 1,content: Lin Dan won olympics in the badminton category in years 2008 and 2012,REAL,REST call Time: 0.035160 seconds
Real Test 1,content: Lin Dan won olympics in the badminton category in years 2008 and 2012,REAL,REST call Time: 0.040237 seconds
Real Test 1,content: Lin Dan won olympics in the badminton category in years 2008 and 2012,REAL,REST call Time: 0.026972 seconds
Real Test 1,content: Lin Dan won olympics in the badminton category in years 2008 and 2012,REAL,REST call Time: 0.018977 seconds
Real Test 1,content: Lin Dan won olympics in the badminton category in years 2008 and 2012,REAL,REST call Time: 0.020135 seconds
Real Test 1,content: Lin Dan won olympics in the badminton category in years 2008 and 2012,REAL,REST call Time: 0.019186 seconds
Real Test 1,content: Lin Dan won olympics in the badminton category in years 2008 and 2012,REAL,REST call Time: 0.019600 seconds
Real Test 1,content: Lin Dan won olympics in the badminton category in years 2008 and 2012,REAL,REST call Time: 0.018215 seconds
Real Test 1,content: Lin Dan won olympics in the badminton category in years 2008 and 2012,REAL,REST call Time: 0.019493 seconds
Real Test 1,content: Lin Dan won olympics in the badminton category in years 2008 and 2012,REAL,REST call Time: 0.020381 seconds
Real Test 1,content: Lin Dan won olympics in the badminton category in years 2008 and 2012,REAL,REST call Time: 0.018801 seconds
Real Test 1,content: Lin Dan won olympics in the badminton category in years 2008 and 2012,REAL,REST call Time: 0.018969 seconds
Real Test 1,content: Lin Dan won olympics in the badminton category in years 2008 and 2012,REAL,REST call Time: 0.018182 seconds
Real Test 1,content: Lin Dan won olympics in the badminton category in years 2008 and 2012,REAL,REST call Time: 0.018941 seconds
Real Test 1,content: Lin Dan won olympics in the badminton category in years 2008 and 2012,REAL,REST call Time: 0.018613 seconds
Real Test 1,content: Lin Dan won olympics in the badminton category in years 2008 and 2012,REAL,REST call Time: 0.020156 seconds
Real Test 1,content: Lin Dan won olympics in the badminton category in years 2008 and 2012,REAL,REST call Time: 0.018908 seconds
Real Test 1,content: Lin Dan won olympics in the badminton category in years 2008 and 2012,REAL,REST call Time: 0.019198 seconds
Real Test 1,content: Lin Dan won olympics in the badminton category in years 2008 and 2012,REAL,REST call Time: 0.019111 seconds
Real Test 1,content: Lin Dan won olympics in the badminton category in years 2008 and 2012,REAL,REST call Time: 0.019919 seconds
Real Test 1,content: Lin Dan won olympics in the badminton category in years 2008 and 2012,REAL,REST call Time: 0.020548 seconds
Real Test 1,content: Lin Dan won olympics in the badminton category in years 2008 and 2012,REAL,REST call Time: 0.021353 seconds
Real Test 1,content: Lin Dan won olympics in the badminton category in years 2008 and 2012,REAL,REST call Time: 0.019118 seconds
Real Test 1,content: Lin Dan won olympics in the badminton category in years 2008 and 2012,REAL,REST call Time: 0.018789 seconds
Real Test 1,content: Lin Dan won olympics in the badminton category in years 2008 and 2012,REAL,REST call Time: 0.019230 seconds
Real Test 1,content: Lin Dan won olympics in the badminton category in years 2008 and 2012,REAL,REST call Time: 0.019568 seconds
Real Test 1,content: Lin Dan won olympics in the badminton category in years 2008 and 2012,REAL,REST call Time: 0.018506 seconds
Real Test 1,content: Lin Dan won olympics in the badminton category in years 2008 and 2012,REAL,REST call Time: 0.018165 seconds
Real Test 1,content: Lin Dan won olympics in the badminton category in years 2008 and 2012,REAL,REST call Time: 0.018517 seconds
Real Test 1,content: Lin Dan won olympics in the badminton category in years 2008 and 2012,REAL,REST call Time: 0.018335 seconds
Real Test 1,content: Lin Dan won olympics in the badminton category in years 2008 and 2012,REAL,REST call Time: 0.020429 seconds
Real Test 1,content: Lin Dan won olympics in the badminton category in years 2008 and 2012,REAL,REST call Time: 0.019402 seconds
Real Test 1,content: Lin Dan won olympics in the badminton category in years 2008 and 2012,REAL,REST call Time: 0.019309 seconds
Real Test 1,content: Lin Dan won olympics in the badminton category in years 2008 and 2012,REAL,REST call Time: 0.018907 seconds
Real Test 1,content: Lin Dan won olympics in the badminton category in years 2008 and 2012,REAL,REST call Time: 0.020647 seconds
Real Test 1,content: Lin Dan won olympics in the badminton category in years 2008 and 2012,REAL,REST call Time: 0.020597 seconds
Real Test 1,content: Lin Dan won olympics in the badminton category in years 2008 and 2012,REAL,REST call Time: 0.019387 seconds
Real Test 1,content: Lin Dan won olympics in the badminton category in years 2008 and 2012,REAL,REST call Time: 0.019469 seconds
Real Test 1,content: Lin Dan won olympics in the badminton category in years 2008 and 2012,REAL,REST call Time: 0.019122 seconds
Real Test 1,content: Lin Dan won olympics in the badminton category in years 2008 and 2012,REAL,REST call Time: 0.018798 seconds
Real Test 1,content: Lin Dan won olympics in the badminton category in years 2008 and 2012,REAL,REST call Time: 0.018849 seconds
Real Test 1,content: Lin Dan won olympics in the badminton category in years 2008 and 2012,REAL,REST call Time: 0.020156 seconds
Real Test 1,content: Lin Dan won olympics in the badminton category in years 2008 and 2012,REAL,REST call Time: 0.019120 seconds
Real Test 1,content: Lin Dan won olympics in the badminton category in years 2008 and 2012,REAL,REST call Time: 0.020083 seconds
Real Test 1,content: Lin Dan won olympics in the badminton category in years 2008 and 2012,REAL,REST call Time: 0.019581 seconds
Real Test 1,content: Lin Dan won olympics in the badminton category in years 2008 and 2012,REAL,REST call Time: 0.019384 seconds
Real Test 1,content: Lin Dan won olympics in the badminton category in years 2008 and 2012,REAL,REST call Time: 0.020546 seconds
Real Test 1,content: Lin Dan won olympics in the badminton category in years 2008 and 2012,REAL,REST call Time: 0.021383 seconds
Real Test 1,content: Lin Dan won olympics in the badminton category in years 2008 and 2012,REAL,REST call Time: 0.019592 seconds
Real Test 1,content: Lin Dan won olympics in the badminton category in years 2008 and 2012,REAL,REST call Time: 0.019528 seconds
Real Test 1,content: Lin Dan won olympics in the badminton category in years 2008 and 2012,REAL,REST call Time: 0.018655 seconds
Real Test 1,content: Lin Dan won olympics in the badminton category in years 2008 and 2012,REAL,REST call Time: 0.020525 seconds
Real Test 1,content: Lin Dan won olympics in the badminton category in years 2008 and 2012,REAL,REST call Time: 0.019312 seconds
Real Test 1,content: Lin Dan won olympics in the badminton category in years 2008 and 2012,REAL,REST call Time: 0.018275 seconds
Real Test 1,content: Lin Dan won olympics in the badminton category in years 2008 and 2012,REAL,REST call Time: 0.018375 seconds
Real Test 1,content: Lin Dan won olympics in the badminton category in years 2008 and 2012,REAL,REST call Time: 0.018430 seconds
Real Test 1,content: Lin Dan won olympics in the badminton category in years 2008 and 2012,REAL,REST call Time: 0.019386 seconds
Real Test 2,content: Michael Phelps became a multiple time olympic winner today!,REAL,REST call Time: 0.019187 seconds
Real Test 2,content: Michael Phelps became a multiple time olympic winner today!,REAL,REST call Time: 0.019782 seconds
Real Test 2,content: Michael Phelps became a multiple time olympic winner today!,REAL,REST call Time: 0.046916 seconds
Real Test 2,content: Michael Phelps became a multiple time olympic winner today!,REAL,REST call Time: 0.028409 seconds
Real Test 2,content: Michael Phelps became a multiple time olympic winner today!,REAL,REST call Time: 0.023393 seconds
Real Test 2,content: Michael Phelps became a multiple time olympic winner today!,REAL,REST call Time: 0.058542 seconds
Real Test 2,content: Michael Phelps became a multiple time olympic winner today!,REAL,REST call Time: 0.027338 seconds
Real Test 2,content: Michael Phelps became a multiple time olympic winner today!,REAL,REST call Time: 0.025222 seconds
Real Test 2,content: Michael Phelps became a multiple time olympic winner today!,REAL,REST call Time: 0.021692 seconds
Real Test 2,content: Michael Phelps became a multiple time olympic winner today!,REAL,REST call Time: 0.022735 seconds
Real Test 2,content: Michael Phelps became a multiple time olympic winner today!,REAL,REST call Time: 0.026081 seconds
Real Test 2,content: Michael Phelps became a multiple time olympic winner today!,REAL,REST call Time: 0.020195 seconds
Real Test 2,content: Michael Phelps became a multiple time olympic winner today!,REAL,REST call Time: 0.026423 seconds
Real Test 2,content: Michael Phelps became a multiple time olympic winner today!,REAL,REST call Time: 0.023709 seconds
Real Test 2,content: Michael Phelps became a multiple time olympic winner today!,REAL,REST call Time: 0.047924 seconds
Real Test 2,content: Michael Phelps became a multiple time olympic winner today!,REAL,REST call Time: 0.036451 seconds
Real Test 2,content: Michael Phelps became a multiple time olympic winner today!,REAL,REST call Time: 0.037897 seconds
Real Test 2,content: Michael Phelps became a multiple time olympic winner today!,REAL,REST call Time: 0.041616 seconds
Real Test 2,content: Michael Phelps became a multiple time olympic winner today!,REAL,REST call Time: 0.035038 seconds
Real Test 2,content: Michael Phelps became a multiple time olympic winner today!,REAL,REST call Time: 0.041735 seconds
Real Test 2,content: Michael Phelps became a multiple time olympic winner today!,REAL,REST call Time: 0.033719 seconds
Real Test 2,content: Michael Phelps became a multiple time olympic winner today!,REAL,REST call Time: 0.025408 seconds
Real Test 2,content: Michael Phelps became a multiple time olympic winner today!,REAL,REST call Time: 0.023744 seconds
Real Test 2,content: Michael Phelps became a multiple time olympic winner today!,REAL,REST call Time: 0.038671 seconds
Real Test 2,content: Michael Phelps became a multiple time olympic winner today!,REAL,REST call Time: 0.042486 seconds
Real Test 2,content: Michael Phelps became a multiple time olympic winner today!,REAL,REST call Time: 0.031661 seconds
Real Test 2,content: Michael Phelps became a multiple time olympic winner today!,REAL,REST call Time: 0.045466 seconds
Real Test 2,content: Michael Phelps became a multiple time olympic winner today!,REAL,REST call Time: 0.021295 seconds
Real Test 2,content: Michael Phelps became a multiple time olympic winner today!,REAL,REST call Time: 0.024972 seconds
Real Test 2,content: Michael Phelps became a multiple time olympic winner today!,REAL,REST call Time: 0.022361 seconds
Real Test 2,content: Michael Phelps became a multiple time olympic winner today!,REAL,REST call Time: 0.022300 seconds
Real Test 2,content: Michael Phelps became a multiple time olympic winner today!,REAL,REST call Time: 0.020904 seconds
Real Test 2,content: Michael Phelps became a multiple time olympic winner today!,REAL,REST call Time: 0.021087 seconds
Real Test 2,content: Michael Phelps became a multiple time olympic winner today!,REAL,REST call Time: 0.020580 seconds
Real Test 2,content: Michael Phelps became a multiple time olympic winner today!,REAL,REST call Time: 0.019679 seconds
Real Test 2,content: Michael Phelps became a multiple time olympic winner today!,REAL,REST call Time: 0.029663 seconds
Real Test 2,content: Michael Phelps became a multiple time olympic winner today!,REAL,REST call Time: 0.035675 seconds
Real Test 2,content: Michael Phelps became a multiple time olympic winner today!,REAL,REST call Time: 0.042243 seconds
Real Test 2,content: Michael Phelps became a multiple time olympic winner today!,REAL,REST call Time: 0.019525 seconds
Real Test 2,content: Michael Phelps became a multiple time olympic winner today!,REAL,REST call Time: 0.034656 seconds
Real Test 2,content: Michael Phelps became a multiple time olympic winner today!,REAL,REST call Time: 0.046141 seconds
Real Test 2,content: Michael Phelps became a multiple time olympic winner today!,REAL,REST call Time: 0.023741 seconds
Real Test 2,content: Michael Phelps became a multiple time olympic winner today!,REAL,REST call Time: 0.021003 seconds
Real Test 2,content: Michael Phelps became a multiple time olympic winner today!,REAL,REST call Time: 0.024367 seconds
Real Test 2,content: Michael Phelps became a multiple time olympic winner today!,REAL,REST call Time: 0.022441 seconds
Real Test 2,content: Michael Phelps became a multiple time olympic winner today!,REAL,REST call Time: 0.024537 seconds
Real Test 2,content: Michael Phelps became a multiple time olympic winner today!,REAL,REST call Time: 0.035606 seconds
Real Test 2,content: Michael Phelps became a multiple time olympic winner today!,REAL,REST call Time: 0.033876 seconds
Real Test 2,content: Michael Phelps became a multiple time olympic winner today!,REAL,REST call Time: 0.021372 seconds
Real Test 2,content: Michael Phelps became a multiple time olympic winner today!,REAL,REST call Time: 0.021673 seconds
Real Test 2,content: Michael Phelps became a multiple time olympic winner today!,REAL,REST call Time: 0.022278 seconds
Real Test 2,content: Michael Phelps became a multiple time olympic winner today!,REAL,REST call Time: 0.021453 seconds
Real Test 2,content: Michael Phelps became a multiple time olympic winner today!,REAL,REST call Time: 0.020895 seconds
Real Test 2,content: Michael Phelps became a multiple time olympic winner today!,REAL,REST call Time: 0.026153 seconds
Real Test 2,content: Michael Phelps became a multiple time olympic winner today!,REAL,REST call Time: 0.051292 seconds
Real Test 2,content: Michael Phelps became a multiple time olympic winner today!,REAL,REST call Time: 0.027353 seconds
Real Test 2,content: Michael Phelps became a multiple time olympic winner today!,REAL,REST call Time: 0.022586 seconds
Real Test 2,content: Michael Phelps became a multiple time olympic winner today!,REAL,REST call Time: 0.019547 seconds
Real Test 2,content: Michael Phelps became a multiple time olympic winner today!,REAL,REST call Time: 0.030362 seconds
Real Test 2,content: Michael Phelps became a multiple time olympic winner today!,REAL,REST call Time: 0.033514 seconds
Real Test 2,content: Michael Phelps became a multiple time olympic winner today!,REAL,REST call Time: 0.023930 seconds
Real Test 2,content: Michael Phelps became a multiple time olympic winner today!,REAL,REST call Time: 0.024553 seconds
Real Test 2,content: Michael Phelps became a multiple time olympic winner today!,REAL,REST call Time: 0.023285 seconds
Real Test 2,content: Michael Phelps became a multiple time olympic winner today!,REAL,REST call Time: 0.020237 seconds
Real Test 2,content: Michael Phelps became a multiple time olympic winner today!,REAL,REST call Time: 0.025031 seconds
Real Test 2,content: Michael Phelps became a multiple time olympic winner today!,REAL,REST call Time: 0.023580 seconds
Real Test 2,content: Michael Phelps became a multiple time olympic winner today!,REAL,REST call Time: 0.048593 seconds
Real Test 2,content: Michael Phelps became a multiple time olympic winner today!,REAL,REST call Time: 0.050020 seconds
Real Test 2,content: Michael Phelps became a multiple time olympic winner today!,REAL,REST call Time: 0.033448 seconds
Real Test 2,content: Michael Phelps became a multiple time olympic winner today!,REAL,REST call Time: 0.021042 seconds
Real Test 2,content: Michael Phelps became a multiple time olympic winner today!,REAL,REST call Time: 0.037715 seconds
Real Test 2,content: Michael Phelps became a multiple time olympic winner today!,REAL,REST call Time: 0.045678 seconds
Real Test 2,content: Michael Phelps became a multiple time olympic winner today!,REAL,REST call Time: 0.034179 seconds
Real Test 2,content: Michael Phelps became a multiple time olympic winner today!,REAL,REST call Time: 0.020358 seconds
Real Test 2,content: Michael Phelps became a multiple time olympic winner today!,REAL,REST call Time: 0.019804 seconds
Real Test 2,content: Michael Phelps became a multiple time olympic winner today!,REAL,REST call Time: 0.027917 seconds
Real Test 2,content: Michael Phelps became a multiple time olympic winner today!,REAL,REST call Time: 0.022366 seconds
Real Test 2,content: Michael Phelps became a multiple time olympic winner today!,REAL,REST call Time: 0.020728 seconds
Real Test 2,content: Michael Phelps became a multiple time olympic winner today!,REAL,REST call Time: 0.021167 seconds
Real Test 2,content: Michael Phelps became a multiple time olympic winner today!,REAL,REST call Time: 0.021516 seconds
Real Test 2,content: Michael Phelps became a multiple time olympic winner today!,REAL,REST call Time: 0.021348 seconds
Real Test 2,content: Michael Phelps became a multiple time olympic winner today!,REAL,REST call Time: 0.023036 seconds
Real Test 2,content: Michael Phelps became a multiple time olympic winner today!,REAL,REST call Time: 0.023496 seconds
Real Test 2,content: Michael Phelps became a multiple time olympic winner today!,REAL,REST call Time: 0.021584 seconds
Real Test 2,content: Michael Phelps became a multiple time olympic winner today!,REAL,REST call Time: 0.020574 seconds
Real Test 2,content: Michael Phelps became a multiple time olympic winner today!,REAL,REST call Time: 0.021348 seconds
Real Test 2,content: Michael Phelps became a multiple time olympic winner today!,REAL,REST call Time: 0.022087 seconds
Real Test 2,content: Michael Phelps became a multiple time olympic winner today!,REAL,REST call Time: 0.020273 seconds
Real Test 2,content: Michael Phelps became a multiple time olympic winner today!,REAL,REST call Time: 0.022426 seconds
Real Test 2,content: Michael Phelps became a multiple time olympic winner today!,REAL,REST call Time: 0.022013 seconds
Real Test 2,content: Michael Phelps became a multiple time olympic winner today!,REAL,REST call Time: 0.022177 seconds
Real Test 2,content: Michael Phelps became a multiple time olympic winner today!,REAL,REST call Time: 0.022130 seconds
Real Test 2,content: Michael Phelps became a multiple time olympic winner today!,REAL,REST call Time: 0.021170 seconds
Real Test 2,content: Michael Phelps became a multiple time olympic winner today!,REAL,REST call Time: 0.023658 seconds
Real Test 2,content: Michael Phelps became a multiple time olympic winner today!,REAL,REST call Time: 0.020847 seconds
Real Test 2,content: Michael Phelps became a multiple time olympic winner today!,REAL,REST call Time: 0.019230 seconds
Real Test 2,content: Michael Phelps became a multiple time olympic winner today!,REAL,REST call Time: 0.020390 seconds
Real Test 2,content: Michael Phelps became a multiple time olympic winner today!,REAL,REST call Time: 0.034321 seconds
Real Test 2,content: Michael Phelps became a multiple time olympic winner today!,REAL,REST call Time: 0.036034 seconds
Real Test 2,content: Michael Phelps became a multiple time olympic winner today!,REAL,REST call Time: 0.026240 seconds
Average performance time: 0.024780
