Tests,Content,Result,Time
Fake Test 1,content: A goat can fly to the moon,FAKE,REST call Time: 0.034201 seconds
Fake Test 1,content: A goat can fly to the moon,FAKE,REST call Time: 0.026438 seconds
Fake Test 1,content: A goat can fly to the moon,FAKE,REST call Time: 0.024260 seconds
Fake Test 1,content: A goat can fly to the moon,FAKE,REST call Time: 0.027738 seconds
Fake Test 1,content: A goat can fly to the moon,FAKE,REST call Time: 0.025987 seconds
Fake Test 1,content: A goat can fly to the moon,FAKE,REST call Time: 0.024707 seconds
Fake Test 1,content: A goat can fly to the moon,FAKE,REST call Time: 0.027001 seconds
Fake Test 1,content: A goat can fly to the moon,FAKE,REST call Time: 0.029522 seconds
Fake Test 1,content: A goat can fly to the moon,FAKE,REST call Time: 0.024483 seconds
Fake Test 1,content: A goat can fly to the moon,FAKE,REST call Time: 0.024165 seconds
Fake Test 1,content: A goat can fly to the moon,FAKE,REST call Time: 0.023910 seconds
Fake Test 1,content: A goat can fly to the moon,FAKE,REST call Time: 0.023278 seconds
Fake Test 1,content: A goat can fly to the moon,FAKE,REST call Time: 0.023369 seconds
Fake Test 1,content: A goat can fly to the moon,FAKE,REST call Time: 0.022206 seconds
Fake Test 1,content: A goat can fly to the moon,FAKE,REST call Time: 0.022847 seconds
Fake Test 1,content: A goat can fly to the moon,FAKE,REST call Time: 0.037157 seconds
Fake Test 1,content: A goat can fly to the moon,FAKE,REST call Time: 0.026427 seconds
Fake Test 1,content: A goat can fly to the moon,FAKE,REST call Time: 0.019963 seconds
Fake Test 1,content: A goat can fly to the moon,FAKE,REST call Time: 0.022440 seconds
Fake Test 1,content: A goat can fly to the moon,FAKE,REST call Time: 0.025126 seconds
Fake Test 1,content: A goat can fly to the moon,FAKE,REST call Time: 0.018895 seconds
Fake Test 1,content: A goat can fly to the moon,FAKE,REST call Time: 0.022047 seconds
Fake Test 1,content: A goat can fly to the moon,FAKE,REST call Time: 0.025548 seconds
Fake Test 1,content: A goat can fly to the moon,FAKE,REST call Time: 0.021634 seconds
Fake Test 1,content: A goat can fly to the moon,FAKE,REST call Time: 0.030441 seconds
Fake Test 1,content: A goat can fly to the moon,FAKE,REST call Time: 0.024826 seconds
Fake Test 1,content: A goat can fly to the moon,FAKE,REST call Time: 0.024576 seconds
Fake Test 1,content: A goat can fly to the moon,FAKE,REST call Time: 0.025892 seconds
Fake Test 1,content: A goat can fly to the moon,FAKE,REST call Time: 0.020313 seconds
Fake Test 1,content: A goat can fly to the moon,FAKE,REST call Time: 0.026381 seconds
Fake Test 1,content: A goat can fly to the moon,FAKE,REST call Time: 0.022666 seconds
Fake Test 1,content: A goat can fly to the moon,FAKE,REST call Time: 0.022156 seconds
Fake Test 1,content: A goat can fly to the moon,FAKE,REST call Time: 0.024551 seconds
Fake Test 1,content: A goat can fly to the moon,FAKE,REST call Time: 0.021856 seconds
Fake Test 1,content: A goat can fly to the moon,FAKE,REST call Time: 0.022981 seconds
Fake Test 1,content: A goat can fly to the moon,FAKE,REST call Time: 0.022698 seconds
Fake Test 1,content: A goat can fly to the moon,FAKE,REST call Time: 0.024238 seconds
Fake Test 1,content: A goat can fly to the moon,FAKE,REST call Time: 0.018674 seconds
Fake Test 1,content: A goat can fly to the moon,FAKE,REST call Time: 0.022527 seconds
Fake Test 1,content: A goat can fly to the moon,FAKE,REST call Time: 0.021510 seconds
Fake Test 1,content: A goat can fly to the moon,FAKE,REST call Time: 0.024883 seconds
Fake Test 1,content: A goat can fly to the moon,FAKE,REST call Time: 0.021917 seconds
Fake Test 1,content: A goat can fly to the moon,FAKE,REST call Time: 0.019678 seconds
Fake Test 1,content: A goat can fly to the moon,FAKE,REST call Time: 0.022697 seconds
Fake Test 1,content: A goat can fly to the moon,FAKE,REST call Time: 0.021383 seconds
Fake Test 1,content: A goat can fly to the moon,FAKE,REST call Time: 0.027602 seconds
Fake Test 1,content: A goat can fly to the moon,FAKE,REST call Time: 0.020264 seconds
Fake Test 1,content: A goat can fly to the moon,FAKE,REST call Time: 0.019613 seconds
Fake Test 1,content: A goat can fly to the moon,FAKE,REST call Time: 0.018903 seconds
Fake Test 1,content: A goat can fly to the moon,FAKE,REST call Time: 0.020773 seconds
Fake Test 1,content: A goat can fly to the moon,FAKE,REST call Time: 0.026045 seconds
Fake Test 1,content: A goat can fly to the moon,FAKE,REST call Time: 0.023775 seconds
Fake Test 1,content: A goat can fly to the moon,FAKE,REST call Time: 0.021811 seconds
Fake Test 1,content: A goat can fly to the moon,FAKE,REST call Time: 0.023520 seconds
Fake Test 1,content: A goat can fly to the moon,FAKE,REST call Time: 0.024276 seconds
Fake Test 1,content: A goat can fly to the moon,FAKE,REST call Time: 0.022573 seconds
Fake Test 1,content: A goat can fly to the moon,FAKE,REST call Time: 0.021986 seconds
Fake Test 1,content: A goat can fly to the moon,FAKE,REST call Time: 0.022918 seconds
Fake Test 1,content: A goat can fly to the moon,FAKE,REST call Time: 0.023119 seconds
Fake Test 1,content: A goat can fly to the moon,FAKE,REST call Time: 0.022448 seconds
Fake Test 1,content: A goat can fly to the moon,FAKE,REST call Time: 0.021904 seconds
Fake Test 1,content: A goat can fly to the moon,FAKE,REST call Time: 0.020619 seconds
Fake Test 1,content: A goat can fly to the moon,FAKE,REST call Time: 0.017999 seconds
Fake Test 1,content: A goat can fly to the moon,FAKE,REST call Time: 0.022610 seconds
Fake Test 1,content: A goat can fly to the moon,FAKE,REST call Time: 0.018220 seconds
Fake Test 1,content: A goat can fly to the moon,FAKE,REST call Time: 0.020334 seconds
Fake Test 1,content: A goat can fly to the moon,FAKE,REST call Time: 0.022992 seconds
Fake Test 1,content: A goat can fly to the moon,FAKE,REST call Time: 0.017002 seconds
Fake Test 1,content: A goat can fly to the moon,FAKE,REST call Time: 0.019872 seconds
Fake Test 1,content: A goat can fly to the moon,FAKE,REST call Time: 0.022230 seconds
Fake Test 1,content: A goat can fly to the moon,FAKE,REST call Time: 0.027138 seconds
Fake Test 1,content: A goat can fly to the moon,FAKE,REST call Time: 0.052490 seconds
Fake Test 1,content: A goat can fly to the moon,FAKE,REST call Time: 0.021789 seconds
Fake Test 1,content: A goat can fly to the moon,FAKE,REST call Time: 0.026675 seconds
Fake Test 1,content: A goat can fly to the moon,FAKE,REST call Time: 0.022171 seconds
Fake Test 1,content: A goat can fly to the moon,FAKE,REST call Time: 0.025158 seconds
Fake Test 1,content: A goat can fly to the moon,FAKE,REST call Time: 0.020748 seconds
Fake Test 1,content: A goat can fly to the moon,FAKE,REST call Time: 0.022344 seconds
Fake Test 1,content: A goat can fly to the moon,FAKE,REST call Time: 0.027111 seconds
Fake Test 1,content: A goat can fly to the moon,FAKE,REST call Time: 0.023412 seconds
Fake Test 1,content: A goat can fly to the moon,FAKE,REST call Time: 0.021351 seconds
Fake Test 1,content: A goat can fly to the moon,FAKE,REST call Time: 0.019624 seconds
Fake Test 1,content: A goat can fly to the moon,FAKE,REST call Time: 0.019442 seconds
Fake Test 1,content: A goat can fly to the moon,FAKE,REST call Time: 0.021630 seconds
Fake Test 1,content: A goat can fly to the moon,FAKE,REST call Time: 0.025254 seconds
Fake Test 1,content: A goat can fly to the moon,FAKE,REST call Time: 0.020351 seconds
Fake Test 1,content: A goat can fly to the moon,FAKE,REST call Time: 0.023415 seconds
Fake Test 1,content: A goat can fly to the moon,FAKE,REST call Time: 0.023548 seconds
Fake Test 1,content: A goat can fly to the moon,FAKE,REST call Time: 0.024306 seconds
Fake Test 1,content: A goat can fly to the moon,FAKE,REST call Time: 0.020653 seconds
Fake Test 1,content: A goat can fly to the moon,FAKE,REST call Time: 0.022008 seconds
Fake Test 1,content: A goat can fly to the moon,FAKE,REST call Time: 0.020822 seconds
Fake Test 1,content: A goat can fly to the moon,FAKE,REST call Time: 0.020026 seconds
Fake Test 1,content: A goat can fly to the moon,FAKE,REST call Time: 0.027329 seconds
Fake Test 1,content: A goat can fly to the moon,FAKE,REST call Time: 0.019781 seconds
Fake Test 1,content: A goat can fly to the moon,FAKE,REST call Time: 0.026985 seconds
Fake Test 1,content: A goat can fly to the moon,FAKE,REST call Time: 0.021140 seconds
Fake Test 1,content: A goat can fly to the moon,FAKE,REST call Time: 0.027539 seconds
Fake Test 1,content: A goat can fly to the moon,FAKE,REST call Time: 0.019981 seconds
Fake Test 1,content: A goat can fly to the moon,FAKE,REST call Time: 0.023040 seconds
Fake Test 2,content: Earth's water ran out since 2023,FAKE,REST call Time: 0.019494 seconds
Fake Test 2,content: Earth's water ran out since 2023,FAKE,REST call Time: 0.028600 seconds
Fake Test 2,content: Earth's water ran out since 2023,FAKE,REST call Time: 0.032646 seconds
Fake Test 2,content: Earth's water ran out since 2023,FAKE,REST call Time: 0.023633 seconds
Fake Test 2,content: Earth's water ran out since 2023,FAKE,REST call Time: 0.018012 seconds
Fake Test 2,content: Earth's water ran out since 2023,FAKE,REST call Time: 0.017360 seconds
Fake Test 2,content: Earth's water ran out since 2023,FAKE,REST call Time: 0.022606 seconds
Fake Test 2,content: Earth's water ran out since 2023,FAKE,REST call Time: 0.030930 seconds
Fake Test 2,content: Earth's water ran out since 2023,FAKE,REST call Time: 0.035477 seconds
Fake Test 2,content: Earth's water ran out since 2023,FAKE,REST call Time: 0.033588 seconds
Fake Test 2,content: Earth's water ran out since 2023,FAKE,REST call Time: 0.045161 seconds
Fake Test 2,content: Earth's water ran out since 2023,FAKE,REST call Time: 0.022553 seconds
Fake Test 2,content: Earth's water ran out since 2023,FAKE,REST call Time: 0.019702 seconds
Fake Test 2,content: Earth's water ran out since 2023,FAKE,REST call Time: 0.021876 seconds
Fake Test 2,content: Earth's water ran out since 2023,FAKE,REST call Time: 0.020761 seconds
Fake Test 2,content: Earth's water ran out since 2023,FAKE,REST call Time: 0.037486 seconds
Fake Test 2,content: Earth's water ran out since 2023,FAKE,REST call Time: 0.018620 seconds
Fake Test 2,content: Earth's water ran out since 2023,FAKE,REST call Time: 0.020190 seconds
Fake Test 2,content: Earth's water ran out since 2023,FAKE,REST call Time: 0.019231 seconds
Fake Test 2,content: Earth's water ran out since 2023,FAKE,REST call Time: 0.022926 seconds
Fake Test 2,content: Earth's water ran out since 2023,FAKE,REST call Time: 0.020212 seconds
Fake Test 2,content: Earth's water ran out since 2023,FAKE,REST call Time: 0.021748 seconds
Fake Test 2,content: Earth's water ran out since 2023,FAKE,REST call Time: 0.041356 seconds
Fake Test 2,content: Earth's water ran out since 2023,FAKE,REST call Time: 0.028525 seconds
Fake Test 2,content: Earth's water ran out since 2023,FAKE,REST call Time: 0.022571 seconds
Fake Test 2,content: Earth's water ran out since 2023,FAKE,REST call Time: 0.030754 seconds
Fake Test 2,content: Earth's water ran out since 2023,FAKE,REST call Time: 0.027595 seconds
Fake Test 2,content: Earth's water ran out since 2023,FAKE,REST call Time: 0.033290 seconds
Fake Test 2,content: Earth's water ran out since 2023,FAKE,REST call Time: 0.035007 seconds
Fake Test 2,content: Earth's water ran out since 2023,FAKE,REST call Time: 0.019439 seconds
Fake Test 2,content: Earth's water ran out since 2023,FAKE,REST call Time: 0.019939 seconds
Fake Test 2,content: Earth's water ran out since 2023,FAKE,REST call Time: 0.018506 seconds
Fake Test 2,content: Earth's water ran out since 2023,FAKE,REST call Time: 0.018764 seconds
Fake Test 2,content: Earth's water ran out since 2023,FAKE,REST call Time: 0.020856 seconds
Fake Test 2,content: Earth's water ran out since 2023,FAKE,REST call Time: 0.023826 seconds
Fake Test 2,content: Earth's water ran out since 2023,FAKE,REST call Time: 0.019869 seconds
Fake Test 2,content: Earth's water ran out since 2023,FAKE,REST call Time: 0.019222 seconds
Fake Test 2,content: Earth's water ran out since 2023,FAKE,REST call Time: 0.017694 seconds
Fake Test 2,content: Earth's water ran out since 2023,FAKE,REST call Time: 0.036069 seconds
Fake Test 2,content: Earth's water ran out since 2023,FAKE,REST call Time: 0.041047 seconds
Fake Test 2,content: Earth's water ran out since 2023,FAKE,REST call Time: 0.018843 seconds
Fake Test 2,content: Earth's water ran out since 2023,FAKE,REST call Time: 0.019135 seconds
Fake Test 2,content: Earth's water ran out since 2023,FAKE,REST call Time: 0.023875 seconds
Fake Test 2,content: Earth's water ran out since 2023,FAKE,REST call Time: 0.020873 seconds
Fake Test 2,content: Earth's water ran out since 2023,FAKE,REST call Time: 0.020541 seconds
Fake Test 2,content: Earth's water ran out since 2023,FAKE,REST call Time: 0.019430 seconds
Fake Test 2,content: Earth's water ran out since 2023,FAKE,REST call Time: 0.018479 seconds
Fake Test 2,content: Earth's water ran out since 2023,FAKE,REST call Time: 0.021544 seconds
Fake Test 2,content: Earth's water ran out since 2023,FAKE,REST call Time: 0.019216 seconds
Fake Test 2,content: Earth's water ran out since 2023,FAKE,REST call Time: 0.031835 seconds
Fake Test 2,content: Earth's water ran out since 2023,FAKE,REST call Time: 0.020975 seconds
Fake Test 2,content: Earth's water ran out since 2023,FAKE,REST call Time: 0.029793 seconds
Fake Test 2,content: Earth's water ran out since 2023,FAKE,REST call Time: 0.051337 seconds
Fake Test 2,content: Earth's water ran out since 2023,FAKE,REST call Time: 0.049265 seconds
Fake Test 2,content: Earth's water ran out since 2023,FAKE,REST call Time: 0.021749 seconds
Fake Test 2,content: Earth's water ran out since 2023,FAKE,REST call Time: 0.019644 seconds
Fake Test 2,content: Earth's water ran out since 2023,FAKE,REST call Time: 0.018150 seconds
Fake Test 2,content: Earth's water ran out since 2023,FAKE,REST call Time: 0.018939 seconds
Fake Test 2,content: Earth's water ran out since 2023,FAKE,REST call Time: 0.017634 seconds
Fake Test 2,content: Earth's water ran out since 2023,FAKE,REST call Time: 0.020001 seconds
Fake Test 2,content: Earth's water ran out since 2023,FAKE,REST call Time: 0.019932 seconds
Fake Test 2,content: Earth's water ran out since 2023,FAKE,REST call Time: 0.040874 seconds
Fake Test 2,content: Earth's water ran out since 2023,FAKE,REST call Time: 0.029773 seconds
Fake Test 2,content: Earth's water ran out since 2023,FAKE,REST call Time: 0.018332 seconds
Fake Test 2,content: Earth's water ran out since 2023,FAKE,REST call Time: 0.036275 seconds
Fake Test 2,content: Earth's water ran out since 2023,FAKE,REST call Time: 0.018196 seconds
Fake Test 2,content: Earth's water ran out since 2023,FAKE,REST call Time: 0.018365 seconds
Fake Test 2,content: Earth's water ran out since 2023,FAKE,REST call Time: 0.018697 seconds
Fake Test 2,content: Earth's water ran out since 2023,FAKE,REST call Time: 0.017713 seconds
Fake Test 2,content: Earth's water ran out since 2023,FAKE,REST call Time: 0.016854 seconds
Fake Test 2,content: Earth's water ran out since 2023,FAKE,REST call Time: 0.018049 seconds
Fake Test 2,content: Earth's water ran out since 2023,FAKE,REST call Time: 0.017711 seconds
Fake Test 2,content: Earth's water ran out since 2023,FAKE,REST call Time: 0.019278 seconds
Fake Test 2,content: Earth's water ran out since 2023,FAKE,REST call Time: 0.024246 seconds
Fake Test 2,content: Earth's water ran out since 2023,FAKE,REST call Time: 0.027471 seconds
Fake Test 2,content: Earth's water ran out since 2023,FAKE,REST call Time: 0.040013 seconds
Fake Test 2,content: Earth's water ran out since 2023,FAKE,REST call Time: 0.047230 seconds
Fake Test 2,content: Earth's water ran out since 2023,FAKE,REST call Time: 0.027402 seconds
Fake Test 2,content: Earth's water ran out since 2023,FAKE,REST call Time: 0.019810 seconds
Fake Test 2,content: Earth's water ran out since 2023,FAKE,REST call Time: 0.018842 seconds
Fake Test 2,content: Earth's water ran out since 2023,FAKE,REST call Time: 0.025291 seconds
Fake Test 2,content: Earth's water ran out since 2023,FAKE,REST call Time: 0.041670 seconds
Fake Test 2,content: Earth's water ran out since 2023,FAKE,REST call Time: 0.047764 seconds
Fake Test 2,content: Earth's water ran out since 2023,FAKE,REST call Time: 0.020360 seconds
Fake Test 2,content: Earth's water ran out since 2023,FAKE,REST call Time: 0.022162 seconds
Fake Test 2,content: Earth's water ran out since 2023,FAKE,REST call Time: 0.019350 seconds
Fake Test 2,content: Earth's water ran out since 2023,FAKE,REST call Time: 0.017786 seconds
Fake Test 2,content: Earth's water ran out since 2023,FAKE,REST call Time: 0.017978 seconds
Fake Test 2,content: Earth's water ran out since 2023,FAKE,REST call Time: 0.018228 seconds
Fake Test 2,content: Earth's water ran out since 2023,FAKE,REST call Time: 0.018782 seconds
Fake Test 2,content: Earth's water ran out since 2023,FAKE,REST call Time: 0.023366 seconds
Fake Test 2,content: Earth's water ran out since 2023,FAKE,REST call Time: 0.020231 seconds
Fake Test 2,content: Earth's water ran out since 2023,FAKE,REST call Time: 0.019179 seconds
Fake Test 2,content: Earth's water ran out since 2023,FAKE,REST call Time: 0.018582 seconds
Fake Test 2,content: Earth's water ran out since 2023,FAKE,REST call Time: 0.022864 seconds
Fake Test 2,content: Earth's water ran out since 2023,FAKE,REST call Time: 0.020342 seconds
Fake Test 2,content: Earth's water ran out since 2023,FAKE,REST call Time: 0.019600 seconds
Fake Test 2,content: Earth's water ran out since 2023,FAKE,REST call Time: 0.020441 seconds
Fake Test 2,content: Earth's water ran out since 2023,FAKE,REST call Time: 0.019623 seconds
Fake Test 2,content: Earth's water ran out since 2023,FAKE,REST call Time: 0.032549 seconds
Real Test 1,content: Lin Dan won olympics in the badminton category in years 2008 and 2012,REAL,REST call Time: 0.030576 seconds
Real Test 1,content: Lin Dan won olympics in the badminton category in years 2008 and 2012,REAL,REST call Time: 0.029004 seconds
Real Test 1,content: Lin Dan won olympics in the badminton category in years 2008 and 2012,REAL,REST call Time: 0.019781 seconds
Real Test 1,content: Lin Dan won olympics in the badminton category in years 2008 and 2012,REAL,REST call Time: 0.018547 seconds
Real Test 1,content: Lin Dan won olympics in the badminton category in years 2008 and 2012,REAL,REST call Time: 0.019464 seconds
Real Test 1,content: Lin Dan won olympics in the badminton category in years 2008 and 2012,REAL,REST call Time: 0.020108 seconds
Real Test 1,content: Lin Dan won olympics in the badminton category in years 2008 and 2012,REAL,REST call Time: 0.021195 seconds
Real Test 1,content: Lin Dan won olympics in the badminton category in years 2008 and 2012,REAL,REST call Time: 0.021230 seconds
Real Test 1,content: Lin Dan won olympics in the badminton category in years 2008 and 2012,REAL,REST call Time: 0.021513 seconds
Real Test 1,content: Lin Dan won olympics in the badminton category in years 2008 and 2012,REAL,REST call Time: 0.018838 seconds
Real Test 1,content: Lin Dan won olympics in the badminton category in years 2008 and 2012,REAL,REST call Time: 0.020320 seconds
Real Test 1,content: Lin Dan won olympics in the badminton category in years 2008 and 2012,REAL,REST call Time: 0.018863 seconds
Real Test 1,content: Lin Dan won olympics in the badminton category in years 2008 and 2012,REAL,REST call Time: 0.018868 seconds
Real Test 1,content: Lin Dan won olympics in the badminton category in years 2008 and 2012,REAL,REST call Time: 0.020132 seconds
Real Test 1,content: Lin Dan won olympics in the badminton category in years 2008 and 2012,REAL,REST call Time: 0.018582 seconds
Real Test 1,content: Lin Dan won olympics in the badminton category in years 2008 and 2012,REAL,REST call Time: 0.019280 seconds
Real Test 1,content: Lin Dan won olympics in the badminton category in years 2008 and 2012,REAL,REST call Time: 0.018869 seconds
Real Test 1,content: Lin Dan won olympics in the badminton category in years 2008 and 2012,REAL,REST call Time: 0.018680 seconds
Real Test 1,content: Lin Dan won olympics in the badminton category in years 2008 and 2012,REAL,REST call Time: 0.021632 seconds
Real Test 1,content: Lin Dan won olympics in the badminton category in years 2008 and 2012,REAL,REST call Time: 0.021786 seconds
Real Test 1,content: Lin Dan won olympics in the badminton category in years 2008 and 2012,REAL,REST call Time: 0.019775 seconds
Real Test 1,content: Lin Dan won olympics in the badminton category in years 2008 and 2012,REAL,REST call Time: 0.020271 seconds
Real Test 1,content: Lin Dan won olympics in the badminton category in years 2008 and 2012,REAL,REST call Time: 0.018686 seconds
Real Test 1,content: Lin Dan won olympics in the badminton category in years 2008 and 2012,REAL,REST call Time: 0.019763 seconds
Real Test 1,content: Lin Dan won olympics in the badminton category in years 2008 and 2012,REAL,REST call Time: 0.018121 seconds
Real Test 1,content: Lin Dan won olympics in the badminton category in years 2008 and 2012,REAL,REST call Time: 0.035168 seconds
Real Test 1,content: Lin Dan won olympics in the badminton category in years 2008 and 2012,REAL,REST call Time: 0.040383 seconds
Real Test 1,content: Lin Dan won olympics in the badminton category in years 2008 and 2012,REAL,REST call Time: 0.020478 seconds
Real Test 1,content: Lin Dan won olympics in the badminton category in years 2008 and 2012,REAL,REST call Time: 0.018726 seconds
Real Test 1,content: Lin Dan won olympics in the badminton category in years 2008 and 2012,REAL,REST call Time: 0.024593 seconds
Real Test 1,content: Lin Dan won olympics in the badminton category in years 2008 and 2012,REAL,REST call Time: 0.020923 seconds
Real Test 1,content: Lin Dan won olympics in the badminton category in years 2008 and 2012,REAL,REST call Time: 0.022619 seconds
Real Test 1,content: Lin Dan won olympics in the badminton category in years 2008 and 2012,REAL,REST call Time: 0.027622 seconds
Real Test 1,content: Lin Dan won olympics in the badminton category in years 2008 and 2012,REAL,REST call Time: 0.028437 seconds
Real Test 1,content: Lin Dan won olympics in the badminton category in years 2008 and 2012,REAL,REST call Time: 0.022068 seconds
Real Test 1,content: Lin Dan won olympics in the badminton category in years 2008 and 2012,REAL,REST call Time: 0.022822 seconds
Real Test 1,content: Lin Dan won olympics in the badminton category in years 2008 and 2012,REAL,REST call Time: 0.030768 seconds
Real Test 1,content: Lin Dan won olympics in the badminton category in years 2008 and 2012,REAL,REST call Time: 0.027866 seconds
Real Test 1,content: Lin Dan won olympics in the badminton category in years 2008 and 2012,REAL,REST call Time: 0.036680 seconds
Real Test 1,content: Lin Dan won olympics in the badminton category in years 2008 and 2012,REAL,REST call Time: 0.020080 seconds
Real Test 1,content: Lin Dan won olympics in the badminton category in years 2008 and 2012,REAL,REST call Time: 0.018952 seconds
Real Test 1,content: Lin Dan won olympics in the badminton category in years 2008 and 2012,REAL,REST call Time: 0.020802 seconds
Real Test 1,content: Lin Dan won olympics in the badminton category in years 2008 and 2012,REAL,REST call Time: 0.035556 seconds
Real Test 1,content: Lin Dan won olympics in the badminton category in years 2008 and 2012,REAL,REST call Time: 0.034377 seconds
Real Test 1,content: Lin Dan won olympics in the badminton category in years 2008 and 2012,REAL,REST call Time: 0.040403 seconds
Real Test 1,content: Lin Dan won olympics in the badminton category in years 2008 and 2012,REAL,REST call Time: 0.033303 seconds
Real Test 1,content: Lin Dan won olympics in the badminton category in years 2008 and 2012,REAL,REST call Time: 0.018092 seconds
Real Test 1,content: Lin Dan won olympics in the badminton category in years 2008 and 2012,REAL,REST call Time: 0.017643 seconds
Real Test 1,content: Lin Dan won olympics in the badminton category in years 2008 and 2012,REAL,REST call Time: 0.043616 seconds
Real Test 1,content: Lin Dan won olympics in the badminton category in years 2008 and 2012,REAL,REST call Time: 0.035767 seconds
Real Test 1,content: Lin Dan won olympics in the badminton category in years 2008 and 2012,REAL,REST call Time: 0.032917 seconds
Real Test 1,content: Lin Dan won olympics in the badminton category in years 2008 and 2012,REAL,REST call Time: 0.034303 seconds
Real Test 1,content: Lin Dan won olympics in the badminton category in years 2008 and 2012,REAL,REST call Time: 0.019899 seconds
Real Test 1,content: Lin Dan won olympics in the badminton category in years 2008 and 2012,REAL,REST call Time: 0.022028 seconds
Real Test 1,content: Lin Dan won olympics in the badminton category in years 2008 and 2012,REAL,REST call Time: 0.020258 seconds
Real Test 1,content: Lin Dan won olympics in the badminton category in years 2008 and 2012,REAL,REST call Time: 0.039398 seconds
Real Test 1,content: Lin Dan won olympics in the badminton category in years 2008 and 2012,REAL,REST call Time: 0.033746 seconds
Real Test 1,content: Lin Dan won olympics in the badminton category in years 2008 and 2012,REAL,REST call Time: 0.019371 seconds
Real Test 1,content: Lin Dan won olympics in the badminton category in years 2008 and 2012,REAL,REST call Time: 0.021314 seconds
Real Test 1,content: Lin Dan won olympics in the badminton category in years 2008 and 2012,REAL,REST call Time: 0.022204 seconds
Real Test 1,content: Lin Dan won olympics in the badminton category in years 2008 and 2012,REAL,REST call Time: 0.034040 seconds
Real Test 1,content: Lin Dan won olympics in the badminton category in years 2008 and 2012,REAL,REST call Time: 0.032300 seconds
Real Test 1,content: Lin Dan won olympics in the badminton category in years 2008 and 2012,REAL,REST call Time: 0.040637 seconds
Real Test 1,content: Lin Dan won olympics in the badminton category in years 2008 and 2012,REAL,REST call Time: 0.021759 seconds
Real Test 1,content: Lin Dan won olympics in the badminton category in years 2008 and 2012,REAL,REST call Time: 0.018803 seconds
Real Test 1,content: Lin Dan won olympics in the badminton category in years 2008 and 2012,REAL,REST call Time: 0.019975 seconds
Real Test 1,content: Lin Dan won olympics in the badminton category in years 2008 and 2012,REAL,REST call Time: 0.020913 seconds
Real Test 1,content: Lin Dan won olympics in the badminton category in years 2008 and 2012,REAL,REST call Time: 0.025700 seconds
Real Test 1,content: Lin Dan won olympics in the badminton category in years 2008 and 2012,REAL,REST call Time: 0.025617 seconds
Real Test 1,content: Lin Dan won olympics in the badminton category in years 2008 and 2012,REAL,REST call Time: 0.021961 seconds
Real Test 1,content: Lin Dan won olympics in the badminton category in years 2008 and 2012,REAL,REST call Time: 0.019694 seconds
Real Test 1,content: Lin Dan won olympics in the badminton category in years 2008 and 2012,REAL,REST call Time: 0.019391 seconds
Real Test 1,content: Lin Dan won olympics in the badminton category in years 2008 and 2012,REAL,REST call Time: 0.018739 seconds
Real Test 1,content: Lin Dan won olympics in the badminton category in years 2008 and 2012,REAL,REST call Time: 0.028538 seconds
Real Test 1,content: Lin Dan won olympics in the badminton category in years 2008 and 2012,REAL,REST call Time: 0.038302 seconds
Real Test 1,content: Lin Dan won olympics in the badminton category in years 2008 and 2012,REAL,REST call Time: 0.021724 seconds
Real Test 1,content: Lin Dan won olympics in the badminton category in years 2008 and 2012,REAL,REST call Time: 0.022723 seconds
Real Test 1,content: Lin Dan won olympics in the badminton category in years 2008 and 2012,REAL,REST call Time: 0.023455 seconds
Real Test 1,content: Lin Dan won olympics in the badminton category in years 2008 and 2012,REAL,REST call Time: 0.022940 seconds
Real Test 1,content: Lin Dan won olympics in the badminton category in years 2008 and 2012,REAL,REST call Time: 0.021986 seconds
Real Test 1,content: Lin Dan won olympics in the badminton category in years 2008 and 2012,REAL,REST call Time: 0.027562 seconds
Real Test 1,content: Lin Dan won olympics in the badminton category in years 2008 and 2012,REAL,REST call Time: 0.020994 seconds
Real Test 1,content: Lin Dan won olympics in the badminton category in years 2008 and 2012,REAL,REST call Time: 0.023455 seconds
Real Test 1,content: Lin Dan won olympics in the badminton category in years 2008 and 2012,REAL,REST call Time: 0.036045 seconds
Real Test 1,content: Lin Dan won olympics in the badminton category in years 2008 and 2012,REAL,REST call Time: 0.021297 seconds
Real Test 1,content: Lin Dan won olympics in the badminton category in years 2008 and 2012,REAL,REST call Time: 0.024295 seconds
Real Test 1,content: Lin Dan won olympics in the badminton category in years 2008 and 2012,REAL,REST call Time: 0.046206 seconds
Real Test 1,content: Lin Dan won olympics in the badminton category in years 2008 and 2012,REAL,REST call Time: 0.020608 seconds
Real Test 1,content: Lin Dan won olympics in the badminton category in years 2008 and 2012,REAL,REST call Time: 0.019019 seconds
Real Test 1,content: Lin Dan won olympics in the badminton category in years 2008 and 2012,REAL,REST call Time: 0.018145 seconds
Real Test 1,content: Lin Dan won olympics in the badminton category in years 2008 and 2012,REAL,REST call Time: 0.021105 seconds
Real Test 1,content: Lin Dan won olympics in the badminton category in years 2008 and 2012,REAL,REST call Time: 0.017835 seconds
Real Test 1,content: Lin Dan won olympics in the badminton category in years 2008 and 2012,REAL,REST call Time: 0.019667 seconds
Real Test 1,content: Lin Dan won olympics in the badminton category in years 2008 and 2012,REAL,REST call Time: 0.020667 seconds
Real Test 1,content: Lin Dan won olympics in the badminton category in years 2008 and 2012,REAL,REST call Time: 0.023311 seconds
Real Test 1,content: Lin Dan won olympics in the badminton category in years 2008 and 2012,REAL,REST call Time: 0.021320 seconds
Real Test 1,content: Lin Dan won olympics in the badminton category in years 2008 and 2012,REAL,REST call Time: 0.026821 seconds
Real Test 1,content: Lin Dan won olympics in the badminton category in years 2008 and 2012,REAL,REST call Time: 0.019414 seconds
Real Test 1,content: Lin Dan won olympics in the badminton category in years 2008 and 2012,REAL,REST call Time: 0.019082 seconds
Real Test 1,content: Lin Dan won olympics in the badminton category in years 2008 and 2012,REAL,REST call Time: 0.021194 seconds
Real Test 2,content: Michael Phelps became a multiple time olympic winner today!,REAL,REST call Time: 0.020143 seconds
Real Test 2,content: Michael Phelps became a multiple time olympic winner today!,REAL,REST call Time: 0.019501 seconds
Real Test 2,content: Michael Phelps became a multiple time olympic winner today!,REAL,REST call Time: 0.018229 seconds
Real Test 2,content: Michael Phelps became a multiple time olympic winner today!,REAL,REST call Time: 0.016454 seconds
Real Test 2,content: Michael Phelps became a multiple time olympic winner today!,REAL,REST call Time: 0.018400 seconds
Real Test 2,content: Michael Phelps became a multiple time olympic winner today!,REAL,REST call Time: 0.018535 seconds
Real Test 2,content: Michael Phelps became a multiple time olympic winner today!,REAL,REST call Time: 0.016873 seconds
Real Test 2,content: Michael Phelps became a multiple time olympic winner today!,REAL,REST call Time: 0.024609 seconds
Real Test 2,content: Michael Phelps became a multiple time olympic winner today!,REAL,REST call Time: 0.023750 seconds
Real Test 2,content: Michael Phelps became a multiple time olympic winner today!,REAL,REST call Time: 0.023197 seconds
Real Test 2,content: Michael Phelps became a multiple time olympic winner today!,REAL,REST call Time: 0.025442 seconds
Real Test 2,content: Michael Phelps became a multiple time olympic winner today!,REAL,REST call Time: 0.020434 seconds
Real Test 2,content: Michael Phelps became a multiple time olympic winner today!,REAL,REST call Time: 0.018776 seconds
Real Test 2,content: Michael Phelps became a multiple time olympic winner today!,REAL,REST call Time: 0.017344 seconds
Real Test 2,content: Michael Phelps became a multiple time olympic winner today!,REAL,REST call Time: 0.017333 seconds
Real Test 2,content: Michael Phelps became a multiple time olympic winner today!,REAL,REST call Time: 0.018486 seconds
Real Test 2,content: Michael Phelps became a multiple time olympic winner today!,REAL,REST call Time: 0.022871 seconds
Real Test 2,content: Michael Phelps became a multiple time olympic winner today!,REAL,REST call Time: 0.023424 seconds
Real Test 2,content: Michael Phelps became a multiple time olympic winner today!,REAL,REST call Time: 0.022665 seconds
Real Test 2,content: Michael Phelps became a multiple time olympic winner today!,REAL,REST call Time: 0.024890 seconds
Real Test 2,content: Michael Phelps became a multiple time olympic winner today!,REAL,REST call Time: 0.034234 seconds
Real Test 2,content: Michael Phelps became a multiple time olympic winner today!,REAL,REST call Time: 0.020682 seconds
Real Test 2,content: Michael Phelps became a multiple time olympic winner today!,REAL,REST call Time: 0.020308 seconds
Real Test 2,content: Michael Phelps became a multiple time olympic winner today!,REAL,REST call Time: 0.021665 seconds
Real Test 2,content: Michael Phelps became a multiple time olympic winner today!,REAL,REST call Time: 0.019977 seconds
Real Test 2,content: Michael Phelps became a multiple time olympic winner today!,REAL,REST call Time: 0.025138 seconds
Real Test 2,content: Michael Phelps became a multiple time olympic winner today!,REAL,REST call Time: 0.045147 seconds
Real Test 2,content: Michael Phelps became a multiple time olympic winner today!,REAL,REST call Time: 0.041415 seconds
Real Test 2,content: Michael Phelps became a multiple time olympic winner today!,REAL,REST call Time: 0.023129 seconds
Real Test 2,content: Michael Phelps became a multiple time olympic winner today!,REAL,REST call Time: 0.023977 seconds
Real Test 2,content: Michael Phelps became a multiple time olympic winner today!,REAL,REST call Time: 0.028948 seconds
Real Test 2,content: Michael Phelps became a multiple time olympic winner today!,REAL,REST call Time: 0.024678 seconds
Real Test 2,content: Michael Phelps became a multiple time olympic winner today!,REAL,REST call Time: 0.026853 seconds
Real Test 2,content: Michael Phelps became a multiple time olympic winner today!,REAL,REST call Time: 0.022221 seconds
Real Test 2,content: Michael Phelps became a multiple time olympic winner today!,REAL,REST call Time: 0.028780 seconds
Real Test 2,content: Michael Phelps became a multiple time olympic winner today!,REAL,REST call Time: 0.023048 seconds
Real Test 2,content: Michael Phelps became a multiple time olympic winner today!,REAL,REST call Time: 0.027237 seconds
Real Test 2,content: Michael Phelps became a multiple time olympic winner today!,REAL,REST call Time: 0.039186 seconds
Real Test 2,content: Michael Phelps became a multiple time olympic winner today!,REAL,REST call Time: 0.045304 seconds
Real Test 2,content: Michael Phelps became a multiple time olympic winner today!,REAL,REST call Time: 0.035563 seconds
Real Test 2,content: Michael Phelps became a multiple time olympic winner today!,REAL,REST call Time: 0.024488 seconds
Real Test 2,content: Michael Phelps became a multiple time olympic winner today!,REAL,REST call Time: 0.017223 seconds
Real Test 2,content: Michael Phelps became a multiple time olympic winner today!,REAL,REST call Time: 0.016677 seconds
Real Test 2,content: Michael Phelps became a multiple time olympic winner today!,REAL,REST call Time: 0.020563 seconds
Real Test 2,content: Michael Phelps became a multiple time olympic winner today!,REAL,REST call Time: 0.020173 seconds
Real Test 2,content: Michael Phelps became a multiple time olympic winner today!,REAL,REST call Time: 0.053249 seconds
Real Test 2,content: Michael Phelps became a multiple time olympic winner today!,REAL,REST call Time: 0.047325 seconds
Real Test 2,content: Michael Phelps became a multiple time olympic winner today!,REAL,REST call Time: 0.021831 seconds
Real Test 2,content: Michael Phelps became a multiple time olympic winner today!,REAL,REST call Time: 0.017434 seconds
Real Test 2,content: Michael Phelps became a multiple time olympic winner today!,REAL,REST call Time: 0.019500 seconds
Real Test 2,content: Michael Phelps became a multiple time olympic winner today!,REAL,REST call Time: 0.017170 seconds
Real Test 2,content: Michael Phelps became a multiple time olympic winner today!,REAL,REST call Time: 0.017761 seconds
Real Test 2,content: Michael Phelps became a multiple time olympic winner today!,REAL,REST call Time: 0.016863 seconds
Real Test 2,content: Michael Phelps became a multiple time olympic winner today!,REAL,REST call Time: 0.019179 seconds
Real Test 2,content: Michael Phelps became a multiple time olympic winner today!,REAL,REST call Time: 0.017298 seconds
Real Test 2,content: Michael Phelps became a multiple time olympic winner today!,REAL,REST call Time: 0.016785 seconds
Real Test 2,content: Michael Phelps became a multiple time olympic winner today!,REAL,REST call Time: 0.017917 seconds
Real Test 2,content: Michael Phelps became a multiple time olympic winner today!,REAL,REST call Time: 0.020266 seconds
Real Test 2,content: Michael Phelps became a multiple time olympic winner today!,REAL,REST call Time: 0.018242 seconds
Real Test 2,content: Michael Phelps became a multiple time olympic winner today!,REAL,REST call Time: 0.021772 seconds
Real Test 2,content: Michael Phelps became a multiple time olympic winner today!,REAL,REST call Time: 0.017592 seconds
Real Test 2,content: Michael Phelps became a multiple time olympic winner today!,REAL,REST call Time: 0.017762 seconds
Real Test 2,content: Michael Phelps became a multiple time olympic winner today!,REAL,REST call Time: 0.017720 seconds
Real Test 2,content: Michael Phelps became a multiple time olympic winner today!,REAL,REST call Time: 0.018652 seconds
Real Test 2,content: Michael Phelps became a multiple time olympic winner today!,REAL,REST call Time: 0.016690 seconds
Real Test 2,content: Michael Phelps became a multiple time olympic winner today!,REAL,REST call Time: 0.016769 seconds
Real Test 2,content: Michael Phelps became a multiple time olympic winner today!,REAL,REST call Time: 0.017078 seconds
Real Test 2,content: Michael Phelps became a multiple time olympic winner today!,REAL,REST call Time: 0.018363 seconds
Real Test 2,content: Michael Phelps became a multiple time olympic winner today!,REAL,REST call Time: 0.018082 seconds
Real Test 2,content: Michael Phelps became a multiple time olympic winner today!,REAL,REST call Time: 0.017439 seconds
Real Test 2,content: Michael Phelps became a multiple time olympic winner today!,REAL,REST call Time: 0.031003 seconds
Real Test 2,content: Michael Phelps became a multiple time olympic winner today!,REAL,REST call Time: 0.036417 seconds
Real Test 2,content: Michael Phelps became a multiple time olympic winner today!,REAL,REST call Time: 0.020301 seconds
Real Test 2,content: Michael Phelps became a multiple time olympic winner today!,REAL,REST call Time: 0.016946 seconds
Real Test 2,content: Michael Phelps became a multiple time olympic winner today!,REAL,REST call Time: 0.027390 seconds
Real Test 2,content: Michael Phelps became a multiple time olympic winner today!,REAL,REST call Time: 0.030053 seconds
Real Test 2,content: Michael Phelps became a multiple time olympic winner today!,REAL,REST call Time: 0.021574 seconds
Real Test 2,content: Michael Phelps became a multiple time olympic winner today!,REAL,REST call Time: 0.017455 seconds
Real Test 2,content: Michael Phelps became a multiple time olympic winner today!,REAL,REST call Time: 0.018276 seconds
Real Test 2,content: Michael Phelps became a multiple time olympic winner today!,REAL,REST call Time: 0.021140 seconds
Real Test 2,content: Michael Phelps became a multiple time olympic winner today!,REAL,REST call Time: 0.019368 seconds
Real Test 2,content: Michael Phelps became a multiple time olympic winner today!,REAL,REST call Time: 0.018107 seconds
Real Test 2,content: Michael Phelps became a multiple time olympic winner today!,REAL,REST call Time: 0.035617 seconds
Real Test 2,content: Michael Phelps became a multiple time olympic winner today!,REAL,REST call Time: 0.025817 seconds
Real Test 2,content: Michael Phelps became a multiple time olympic winner today!,REAL,REST call Time: 0.018602 seconds
Real Test 2,content: Michael Phelps became a multiple time olympic winner today!,REAL,REST call Time: 0.021608 seconds
Real Test 2,content: Michael Phelps became a multiple time olympic winner today!,REAL,REST call Time: 0.017006 seconds
Real Test 2,content: Michael Phelps became a multiple time olympic winner today!,REAL,REST call Time: 0.017505 seconds
Real Test 2,content: Michael Phelps became a multiple time olympic winner today!,REAL,REST call Time: 0.023374 seconds
Real Test 2,content: Michael Phelps became a multiple time olympic winner today!,REAL,REST call Time: 0.017561 seconds
Real Test 2,content: Michael Phelps became a multiple time olympic winner today!,REAL,REST call Time: 0.018333 seconds
Real Test 2,content: Michael Phelps became a multiple time olympic winner today!,REAL,REST call Time: 0.017062 seconds
Real Test 2,content: Michael Phelps became a multiple time olympic winner today!,REAL,REST call Time: 0.018012 seconds
Real Test 2,content: Michael Phelps became a multiple time olympic winner today!,REAL,REST call Time: 0.018360 seconds
Real Test 2,content: Michael Phelps became a multiple time olympic winner today!,REAL,REST call Time: 0.017154 seconds
Real Test 2,content: Michael Phelps became a multiple time olympic winner today!,REAL,REST call Time: 0.017593 seconds
Real Test 2,content: Michael Phelps became a multiple time olympic winner today!,REAL,REST call Time: 0.025444 seconds
Real Test 2,content: Michael Phelps became a multiple time olympic winner today!,REAL,REST call Time: 0.043875 seconds
Real Test 2,content: Michael Phelps became a multiple time olympic winner today!,REAL,REST call Time: 0.036465 seconds
Real Test 2,content: Michael Phelps became a multiple time olympic winner today!,REAL,REST call Time: 0.030840 seconds
Average performance time: 0.023924
