Tests,Content,Result,Time
Fake Test 1,content: A goat can fly to the moon,FAKE,REST call Time: 0.026220 seconds
Fake Test 1,content: A goat can fly to the moon,FAKE,REST call Time: 0.025854 seconds
Fake Test 1,content: A goat can fly to the moon,FAKE,REST call Time: 0.026464 seconds
Fake Test 1,content: A goat can fly to the moon,FAKE,REST call Time: 0.026301 seconds
Fake Test 1,content: A goat can fly to the moon,FAKE,REST call Time: 0.024632 seconds
Fake Test 1,content: A goat can fly to the moon,FAKE,REST call Time: 0.027462 seconds
Fake Test 1,content: A goat can fly to the moon,FAKE,REST call Time: 0.023758 seconds
Fake Test 1,content: A goat can fly to the moon,FAKE,REST call Time: 0.032600 seconds
Fake Test 1,content: A goat can fly to the moon,FAKE,REST call Time: 0.048104 seconds
Fake Test 1,content: A goat can fly to the moon,FAKE,REST call Time: 0.038562 seconds
Fake Test 1,content: A goat can fly to the moon,FAKE,REST call Time: 0.041524 seconds
Fake Test 1,content: A goat can fly to the moon,FAKE,REST call Time: 0.022398 seconds
Fake Test 1,content: A goat can fly to the moon,FAKE,REST call Time: 0.022246 seconds
Fake Test 1,content: A goat can fly to the moon,FAKE,REST call Time: 0.022305 seconds
Fake Test 1,content: A goat can fly to the moon,FAKE,REST call Time: 0.020098 seconds
Fake Test 1,content: A goat can fly to the moon,FAKE,REST call Time: 0.021081 seconds
Fake Test 1,content: A goat can fly to the moon,FAKE,REST call Time: 0.041501 seconds
Fake Test 1,content: A goat can fly to the moon,FAKE,REST call Time: 0.036184 seconds
Fake Test 1,content: A goat can fly to the moon,FAKE,REST call Time: 0.024332 seconds
Fake Test 1,content: A goat can fly to the moon,FAKE,REST call Time: 0.023174 seconds
Fake Test 1,content: A goat can fly to the moon,FAKE,REST call Time: 0.024617 seconds
Fake Test 1,content: A goat can fly to the moon,FAKE,REST call Time: 0.023944 seconds
Fake Test 1,content: A goat can fly to the moon,FAKE,REST call Time: 0.024504 seconds
Fake Test 1,content: A goat can fly to the moon,FAKE,REST call Time: 0.037782 seconds
Fake Test 1,content: A goat can fly to the moon,FAKE,REST call Time: 0.022659 seconds
Fake Test 1,content: A goat can fly to the moon,FAKE,REST call Time: 0.024618 seconds
Fake Test 1,content: A goat can fly to the moon,FAKE,REST call Time: 0.025624 seconds
Fake Test 1,content: A goat can fly to the moon,FAKE,REST call Time: 0.023147 seconds
Fake Test 1,content: A goat can fly to the moon,FAKE,REST call Time: 0.027215 seconds
Fake Test 1,content: A goat can fly to the moon,FAKE,REST call Time: 0.022441 seconds
Fake Test 1,content: A goat can fly to the moon,FAKE,REST call Time: 0.023796 seconds
Fake Test 1,content: A goat can fly to the moon,FAKE,REST call Time: 0.024636 seconds
Fake Test 1,content: A goat can fly to the moon,FAKE,REST call Time: 0.024085 seconds
Fake Test 1,content: A goat can fly to the moon,FAKE,REST call Time: 0.025579 seconds
Fake Test 1,content: A goat can fly to the moon,FAKE,REST call Time: 0.023334 seconds
Fake Test 1,content: A goat can fly to the moon,FAKE,REST call Time: 0.021914 seconds
Fake Test 1,content: A goat can fly to the moon,FAKE,REST call Time: 0.025596 seconds
Fake Test 1,content: A goat can fly to the moon,FAKE,REST call Time: 0.023441 seconds
Fake Test 1,content: A goat can fly to the moon,FAKE,REST call Time: 0.023905 seconds
Fake Test 1,content: A goat can fly to the moon,FAKE,REST call Time: 0.023682 seconds
Fake Test 1,content: A goat can fly to the moon,FAKE,REST call Time: 0.023737 seconds
Fake Test 1,content: A goat can fly to the moon,FAKE,REST call Time: 0.041684 seconds
Fake Test 1,content: A goat can fly to the moon,FAKE,REST call Time: 0.040321 seconds
Fake Test 1,content: A goat can fly to the moon,FAKE,REST call Time: 0.044663 seconds
Fake Test 1,content: A goat can fly to the moon,FAKE,REST call Time: 0.025837 seconds
Fake Test 1,content: A goat can fly to the moon,FAKE,REST call Time: 0.023417 seconds
Fake Test 1,content: A goat can fly to the moon,FAKE,REST call Time: 0.023719 seconds
Fake Test 1,content: A goat can fly to the moon,FAKE,REST call Time: 0.022195 seconds
Fake Test 1,content: A goat can fly to the moon,FAKE,REST call Time: 0.022033 seconds
Fake Test 1,content: A goat can fly to the moon,FAKE,REST call Time: 0.023714 seconds
Fake Test 1,content: A goat can fly to the moon,FAKE,REST call Time: 0.022125 seconds
Fake Test 1,content: A goat can fly to the moon,FAKE,REST call Time: 0.053358 seconds
Fake Test 1,content: A goat can fly to the moon,FAKE,REST call Time: 0.026094 seconds
Fake Test 1,content: A goat can fly to the moon,FAKE,REST call Time: 0.021346 seconds
Fake Test 1,content: A goat can fly to the moon,FAKE,REST call Time: 0.023740 seconds
Fake Test 1,content: A goat can fly to the moon,FAKE,REST call Time: 0.021806 seconds
Fake Test 1,content: A goat can fly to the moon,FAKE,REST call Time: 0.027430 seconds
Fake Test 1,content: A goat can fly to the moon,FAKE,REST call Time: 0.022725 seconds
Fake Test 1,content: A goat can fly to the moon,FAKE,REST call Time: 0.021369 seconds
Fake Test 1,content: A goat can fly to the moon,FAKE,REST call Time: 0.025547 seconds
Fake Test 1,content: A goat can fly to the moon,FAKE,REST call Time: 0.021966 seconds
Fake Test 1,content: A goat can fly to the moon,FAKE,REST call Time: 0.021598 seconds
Fake Test 1,content: A goat can fly to the moon,FAKE,REST call Time: 0.031912 seconds
Fake Test 1,content: A goat can fly to the moon,FAKE,REST call Time: 0.057863 seconds
Fake Test 1,content: A goat can fly to the moon,FAKE,REST call Time: 0.031313 seconds
Fake Test 1,content: A goat can fly to the moon,FAKE,REST call Time: 0.025983 seconds
Fake Test 1,content: A goat can fly to the moon,FAKE,REST call Time: 0.021775 seconds
Fake Test 1,content: A goat can fly to the moon,FAKE,REST call Time: 0.023437 seconds
Fake Test 1,content: A goat can fly to the moon,FAKE,REST call Time: 0.021335 seconds
Fake Test 1,content: A goat can fly to the moon,FAKE,REST call Time: 0.022848 seconds
Fake Test 1,content: A goat can fly to the moon,FAKE,REST call Time: 0.023792 seconds
Fake Test 1,content: A goat can fly to the moon,FAKE,REST call Time: 0.023253 seconds
Fake Test 1,content: A goat can fly to the moon,FAKE,REST call Time: 0.023930 seconds
Fake Test 1,content: A goat can fly to the moon,FAKE,REST call Time: 0.030200 seconds
Fake Test 1,content: A goat can fly to the moon,FAKE,REST call Time: 0.061308 seconds
Fake Test 1,content: A goat can fly to the moon,FAKE,REST call Time: 0.023226 seconds
Fake Test 1,content: A goat can fly to the moon,FAKE,REST call Time: 0.023268 seconds
Fake Test 1,content: A goat can fly to the moon,FAKE,REST call Time: 0.023344 seconds
Fake Test 1,content: A goat can fly to the moon,FAKE,REST call Time: 0.023423 seconds
Fake Test 1,content: A goat can fly to the moon,FAKE,REST call Time: 0.033788 seconds
Fake Test 1,content: A goat can fly to the moon,FAKE,REST call Time: 0.025731 seconds
Fake Test 1,content: A goat can fly to the moon,FAKE,REST call Time: 0.024105 seconds
Fake Test 1,content: A goat can fly to the moon,FAKE,REST call Time: 0.023127 seconds
Fake Test 1,content: A goat can fly to the moon,FAKE,REST call Time: 0.022779 seconds
Fake Test 1,content: A goat can fly to the moon,FAKE,REST call Time: 0.021581 seconds
Fake Test 1,content: A goat can fly to the moon,FAKE,REST call Time: 0.021640 seconds
Fake Test 1,content: A goat can fly to the moon,FAKE,REST call Time: 0.024251 seconds
Fake Test 1,content: A goat can fly to the moon,FAKE,REST call Time: 0.021523 seconds
Fake Test 1,content: A goat can fly to the moon,FAKE,REST call Time: 0.057917 seconds
Fake Test 1,content: A goat can fly to the moon,FAKE,REST call Time: 0.020084 seconds
Fake Test 1,content: A goat can fly to the moon,FAKE,REST call Time: 0.020852 seconds
Fake Test 1,content: A goat can fly to the moon,FAKE,REST call Time: 0.021612 seconds
Fake Test 1,content: A goat can fly to the moon,FAKE,REST call Time: 0.021641 seconds
Fake Test 1,content: A goat can fly to the moon,FAKE,REST call Time: 0.022228 seconds
Fake Test 1,content: A goat can fly to the moon,FAKE,REST call Time: 0.021336 seconds
Fake Test 1,content: A goat can fly to the moon,FAKE,REST call Time: 0.019081 seconds
Fake Test 1,content: A goat can fly to the moon,FAKE,REST call Time: 0.038372 seconds
Fake Test 1,content: A goat can fly to the moon,FAKE,REST call Time: 0.059352 seconds
Fake Test 1,content: A goat can fly to the moon,FAKE,REST call Time: 0.022326 seconds
Fake Test 1,content: A goat can fly to the moon,FAKE,REST call Time: 0.025449 seconds
Fake Test 2,content: Earth's water ran out since 2023,FAKE,REST call Time: 0.021511 seconds
Fake Test 2,content: Earth's water ran out since 2023,FAKE,REST call Time: 0.020986 seconds
Fake Test 2,content: Earth's water ran out since 2023,FAKE,REST call Time: 0.020940 seconds
Fake Test 2,content: Earth's water ran out since 2023,FAKE,REST call Time: 0.019830 seconds
Fake Test 2,content: Earth's water ran out since 2023,FAKE,REST call Time: 0.020697 seconds
Fake Test 2,content: Earth's water ran out since 2023,FAKE,REST call Time: 0.022558 seconds
Fake Test 2,content: Earth's water ran out since 2023,FAKE,REST call Time: 0.021451 seconds
Fake Test 2,content: Earth's water ran out since 2023,FAKE,REST call Time: 0.019173 seconds
Fake Test 2,content: Earth's water ran out since 2023,FAKE,REST call Time: 0.020918 seconds
Fake Test 2,content: Earth's water ran out since 2023,FAKE,REST call Time: 0.025727 seconds
Fake Test 2,content: Earth's water ran out since 2023,FAKE,REST call Time: 0.019761 seconds
Fake Test 2,content: Earth's water ran out since 2023,FAKE,REST call Time: 0.044535 seconds
Fake Test 2,content: Earth's water ran out since 2023,FAKE,REST call Time: 0.030575 seconds
Fake Test 2,content: Earth's water ran out since 2023,FAKE,REST call Time: 0.023068 seconds
Fake Test 2,content: Earth's water ran out since 2023,FAKE,REST call Time: 0.022710 seconds
Fake Test 2,content: Earth's water ran out since 2023,FAKE,REST call Time: 0.024910 seconds
Fake Test 2,content: Earth's water ran out since 2023,FAKE,REST call Time: 0.034800 seconds
Fake Test 2,content: Earth's water ran out since 2023,FAKE,REST call Time: 0.039436 seconds
Fake Test 2,content: Earth's water ran out since 2023,FAKE,REST call Time: 0.040762 seconds
Fake Test 2,content: Earth's water ran out since 2023,FAKE,REST call Time: 0.048907 seconds
Fake Test 2,content: Earth's water ran out since 2023,FAKE,REST call Time: 0.034721 seconds
Fake Test 2,content: Earth's water ran out since 2023,FAKE,REST call Time: 0.031103 seconds
Fake Test 2,content: Earth's water ran out since 2023,FAKE,REST call Time: 0.029861 seconds
Fake Test 2,content: Earth's water ran out since 2023,FAKE,REST call Time: 0.020552 seconds
Fake Test 2,content: Earth's water ran out since 2023,FAKE,REST call Time: 0.020187 seconds
Fake Test 2,content: Earth's water ran out since 2023,FAKE,REST call Time: 0.019831 seconds
Fake Test 2,content: Earth's water ran out since 2023,FAKE,REST call Time: 0.022027 seconds
Fake Test 2,content: Earth's water ran out since 2023,FAKE,REST call Time: 0.027926 seconds
Fake Test 2,content: Earth's water ran out since 2023,FAKE,REST call Time: 0.042719 seconds
Fake Test 2,content: Earth's water ran out since 2023,FAKE,REST call Time: 0.045831 seconds
Fake Test 2,content: Earth's water ran out since 2023,FAKE,REST call Time: 0.027813 seconds
Fake Test 2,content: Earth's water ran out since 2023,FAKE,REST call Time: 0.036069 seconds
Fake Test 2,content: Earth's water ran out since 2023,FAKE,REST call Time: 0.022512 seconds
Fake Test 2,content: Earth's water ran out since 2023,FAKE,REST call Time: 0.020979 seconds
Fake Test 2,content: Earth's water ran out since 2023,FAKE,REST call Time: 0.024010 seconds
Fake Test 2,content: Earth's water ran out since 2023,FAKE,REST call Time: 0.027965 seconds
Fake Test 2,content: Earth's water ran out since 2023,FAKE,REST call Time: 0.040829 seconds
Fake Test 2,content: Earth's water ran out since 2023,FAKE,REST call Time: 0.024615 seconds
Fake Test 2,content: Earth's water ran out since 2023,FAKE,REST call Time: 0.020056 seconds
Fake Test 2,content: Earth's water ran out since 2023,FAKE,REST call Time: 0.019422 seconds
Fake Test 2,content: Earth's water ran out since 2023,FAKE,REST call Time: 0.021142 seconds
Fake Test 2,content: Earth's water ran out since 2023,FAKE,REST call Time: 0.023652 seconds
Fake Test 2,content: Earth's water ran out since 2023,FAKE,REST call Time: 0.019554 seconds
Fake Test 2,content: Earth's water ran out since 2023,FAKE,REST call Time: 0.022462 seconds
Fake Test 2,content: Earth's water ran out since 2023,FAKE,REST call Time: 0.021747 seconds
Fake Test 2,content: Earth's water ran out since 2023,FAKE,REST call Time: 0.019735 seconds
Fake Test 2,content: Earth's water ran out since 2023,FAKE,REST call Time: 0.022068 seconds
Fake Test 2,content: Earth's water ran out since 2023,FAKE,REST call Time: 0.021735 seconds
Fake Test 2,content: Earth's water ran out since 2023,FAKE,REST call Time: 0.021022 seconds
Fake Test 2,content: Earth's water ran out since 2023,FAKE,REST call Time: 0.019393 seconds
Fake Test 2,content: Earth's water ran out since 2023,FAKE,REST call Time: 0.019893 seconds
Fake Test 2,content: Earth's water ran out since 2023,FAKE,REST call Time: 0.021759 seconds
Fake Test 2,content: Earth's water ran out since 2023,FAKE,REST call Time: 0.019809 seconds
Fake Test 2,content: Earth's water ran out since 2023,FAKE,REST call Time: 0.021479 seconds
Fake Test 2,content: Earth's water ran out since 2023,FAKE,REST call Time: 0.020100 seconds
Fake Test 2,content: Earth's water ran out since 2023,FAKE,REST call Time: 0.037354 seconds
Fake Test 2,content: Earth's water ran out since 2023,FAKE,REST call Time: 0.023963 seconds
Fake Test 2,content: Earth's water ran out since 2023,FAKE,REST call Time: 0.021491 seconds
Fake Test 2,content: Earth's water ran out since 2023,FAKE,REST call Time: 0.021345 seconds
Fake Test 2,content: Earth's water ran out since 2023,FAKE,REST call Time: 0.019994 seconds
Fake Test 2,content: Earth's water ran out since 2023,FAKE,REST call Time: 0.020424 seconds
Fake Test 2,content: Earth's water ran out since 2023,FAKE,REST call Time: 0.020757 seconds
Fake Test 2,content: Earth's water ran out since 2023,FAKE,REST call Time: 0.019717 seconds
Fake Test 2,content: Earth's water ran out since 2023,FAKE,REST call Time: 0.020533 seconds
Fake Test 2,content: Earth's water ran out since 2023,FAKE,REST call Time: 0.021524 seconds
Fake Test 2,content: Earth's water ran out since 2023,FAKE,REST call Time: 0.021167 seconds
Fake Test 2,content: Earth's water ran out since 2023,FAKE,REST call Time: 0.022557 seconds
Fake Test 2,content: Earth's water ran out since 2023,FAKE,REST call Time: 0.024157 seconds
Fake Test 2,content: Earth's water ran out since 2023,FAKE,REST call Time: 0.034423 seconds
Fake Test 2,content: Earth's water ran out since 2023,FAKE,REST call Time: 0.036869 seconds
Fake Test 2,content: Earth's water ran out since 2023,FAKE,REST call Time: 0.023819 seconds
Fake Test 2,content: Earth's water ran out since 2023,FAKE,REST call Time: 0.020500 seconds
Fake Test 2,content: Earth's water ran out since 2023,FAKE,REST call Time: 0.019756 seconds
Fake Test 2,content: Earth's water ran out since 2023,FAKE,REST call Time: 0.020316 seconds
Fake Test 2,content: Earth's water ran out since 2023,FAKE,REST call Time: 0.022610 seconds
Fake Test 2,content: Earth's water ran out since 2023,FAKE,REST call Time: 0.019332 seconds
Fake Test 2,content: Earth's water ran out since 2023,FAKE,REST call Time: 0.021270 seconds
Fake Test 2,content: Earth's water ran out since 2023,FAKE,REST call Time: 0.019149 seconds
Fake Test 2,content: Earth's water ran out since 2023,FAKE,REST call Time: 0.039211 seconds
Fake Test 2,content: Earth's water ran out since 2023,FAKE,REST call Time: 0.033140 seconds
Fake Test 2,content: Earth's water ran out since 2023,FAKE,REST call Time: 0.021575 seconds
Fake Test 2,content: Earth's water ran out since 2023,FAKE,REST call Time: 0.019592 seconds
Fake Test 2,content: Earth's water ran out since 2023,FAKE,REST call Time: 0.019427 seconds
Fake Test 2,content: Earth's water ran out since 2023,FAKE,REST call Time: 0.050208 seconds
Fake Test 2,content: Earth's water ran out since 2023,FAKE,REST call Time: 0.020430 seconds
Fake Test 2,content: Earth's water ran out since 2023,FAKE,REST call Time: 0.019814 seconds
Fake Test 2,content: Earth's water ran out since 2023,FAKE,REST call Time: 0.020745 seconds
Fake Test 2,content: Earth's water ran out since 2023,FAKE,REST call Time: 0.020449 seconds
Fake Test 2,content: Earth's water ran out since 2023,FAKE,REST call Time: 0.019339 seconds
Fake Test 2,content: Earth's water ran out since 2023,FAKE,REST call Time: 0.019706 seconds
Fake Test 2,content: Earth's water ran out since 2023,FAKE,REST call Time: 0.021075 seconds
Fake Test 2,content: Earth's water ran out since 2023,FAKE,REST call Time: 0.020235 seconds
Fake Test 2,content: Earth's water ran out since 2023,FAKE,REST call Time: 0.019355 seconds
Fake Test 2,content: Earth's water ran out since 2023,FAKE,REST call Time: 0.018708 seconds
Fake Test 2,content: Earth's water ran out since 2023,FAKE,REST call Time: 0.018860 seconds
Fake Test 2,content: Earth's water ran out since 2023,FAKE,REST call Time: 0.021504 seconds
Fake Test 2,content: Earth's water ran out since 2023,FAKE,REST call Time: 0.019681 seconds
Fake Test 2,content: Earth's water ran out since 2023,FAKE,REST call Time: 0.018417 seconds
Fake Test 2,content: Earth's water ran out since 2023,FAKE,REST call Time: 0.019532 seconds
Fake Test 2,content: Earth's water ran out since 2023,FAKE,REST call Time: 0.018619 seconds
Real Test 1,content: Lin Dan won olympics in the badminton category in years 2008 and 2012,REAL,REST call Time: 0.020216 seconds
Real Test 1,content: Lin Dan won olympics in the badminton category in years 2008 and 2012,REAL,REST call Time: 0.020501 seconds
Real Test 1,content: Lin Dan won olympics in the badminton category in years 2008 and 2012,REAL,REST call Time: 0.021772 seconds
Real Test 1,content: Lin Dan won olympics in the badminton category in years 2008 and 2012,REAL,REST call Time: 0.020622 seconds
Real Test 1,content: Lin Dan won olympics in the badminton category in years 2008 and 2012,REAL,REST call Time: 0.019296 seconds
Real Test 1,content: Lin Dan won olympics in the badminton category in years 2008 and 2012,REAL,REST call Time: 0.019073 seconds
Real Test 1,content: Lin Dan won olympics in the badminton category in years 2008 and 2012,REAL,REST call Time: 0.020487 seconds
Real Test 1,content: Lin Dan won olympics in the badminton category in years 2008 and 2012,REAL,REST call Time: 0.018999 seconds
Real Test 1,content: Lin Dan won olympics in the badminton category in years 2008 and 2012,REAL,REST call Time: 0.024243 seconds
Real Test 1,content: Lin Dan won olympics in the badminton category in years 2008 and 2012,REAL,REST call Time: 0.023136 seconds
Real Test 1,content: Lin Dan won olympics in the badminton category in years 2008 and 2012,REAL,REST call Time: 0.024937 seconds
Real Test 1,content: Lin Dan won olympics in the badminton category in years 2008 and 2012,REAL,REST call Time: 0.025086 seconds
Real Test 1,content: Lin Dan won olympics in the badminton category in years 2008 and 2012,REAL,REST call Time: 0.028749 seconds
Real Test 1,content: Lin Dan won olympics in the badminton category in years 2008 and 2012,REAL,REST call Time: 0.023512 seconds
Real Test 1,content: Lin Dan won olympics in the badminton category in years 2008 and 2012,REAL,REST call Time: 0.025063 seconds
Real Test 1,content: Lin Dan won olympics in the badminton category in years 2008 and 2012,REAL,REST call Time: 0.026143 seconds
Real Test 1,content: Lin Dan won olympics in the badminton category in years 2008 and 2012,REAL,REST call Time: 0.022288 seconds
Real Test 1,content: Lin Dan won olympics in the badminton category in years 2008 and 2012,REAL,REST call Time: 0.023587 seconds
Real Test 1,content: Lin Dan won olympics in the badminton category in years 2008 and 2012,REAL,REST call Time: 0.025860 seconds
Real Test 1,content: Lin Dan won olympics in the badminton category in years 2008 and 2012,REAL,REST call Time: 0.026953 seconds
Real Test 1,content: Lin Dan won olympics in the badminton category in years 2008 and 2012,REAL,REST call Time: 0.022371 seconds
Real Test 1,content: Lin Dan won olympics in the badminton category in years 2008 and 2012,REAL,REST call Time: 0.040113 seconds
Real Test 1,content: Lin Dan won olympics in the badminton category in years 2008 and 2012,REAL,REST call Time: 0.037303 seconds
Real Test 1,content: Lin Dan won olympics in the badminton category in years 2008 and 2012,REAL,REST call Time: 0.036161 seconds
Real Test 1,content: Lin Dan won olympics in the badminton category in years 2008 and 2012,REAL,REST call Time: 0.036903 seconds
Real Test 1,content: Lin Dan won olympics in the badminton category in years 2008 and 2012,REAL,REST call Time: 0.022392 seconds
Real Test 1,content: Lin Dan won olympics in the badminton category in years 2008 and 2012,REAL,REST call Time: 0.021594 seconds
Real Test 1,content: Lin Dan won olympics in the badminton category in years 2008 and 2012,REAL,REST call Time: 0.021281 seconds
Real Test 1,content: Lin Dan won olympics in the badminton category in years 2008 and 2012,REAL,REST call Time: 0.033293 seconds
Real Test 1,content: Lin Dan won olympics in the badminton category in years 2008 and 2012,REAL,REST call Time: 0.027930 seconds
Real Test 1,content: Lin Dan won olympics in the badminton category in years 2008 and 2012,REAL,REST call Time: 0.022096 seconds
Real Test 1,content: Lin Dan won olympics in the badminton category in years 2008 and 2012,REAL,REST call Time: 0.020181 seconds
Real Test 1,content: Lin Dan won olympics in the badminton category in years 2008 and 2012,REAL,REST call Time: 0.037573 seconds
Real Test 1,content: Lin Dan won olympics in the badminton category in years 2008 and 2012,REAL,REST call Time: 0.061073 seconds
Real Test 1,content: Lin Dan won olympics in the badminton category in years 2008 and 2012,REAL,REST call Time: 0.030250 seconds
Real Test 1,content: Lin Dan won olympics in the badminton category in years 2008 and 2012,REAL,REST call Time: 0.027292 seconds
Real Test 1,content: Lin Dan won olympics in the badminton category in years 2008 and 2012,REAL,REST call Time: 0.022641 seconds
Real Test 1,content: Lin Dan won olympics in the badminton category in years 2008 and 2012,REAL,REST call Time: 0.023435 seconds
Real Test 1,content: Lin Dan won olympics in the badminton category in years 2008 and 2012,REAL,REST call Time: 0.024976 seconds
Real Test 1,content: Lin Dan won olympics in the badminton category in years 2008 and 2012,REAL,REST call Time: 0.023370 seconds
Real Test 1,content: Lin Dan won olympics in the badminton category in years 2008 and 2012,REAL,REST call Time: 0.021415 seconds
Real Test 1,content: Lin Dan won olympics in the badminton category in years 2008 and 2012,REAL,REST call Time: 0.023069 seconds
Real Test 1,content: Lin Dan won olympics in the badminton category in years 2008 and 2012,REAL,REST call Time: 0.019890 seconds
Real Test 1,content: Lin Dan won olympics in the badminton category in years 2008 and 2012,REAL,REST call Time: 0.033141 seconds
Real Test 1,content: Lin Dan won olympics in the badminton category in years 2008 and 2012,REAL,REST call Time: 0.053529 seconds
Real Test 1,content: Lin Dan won olympics in the badminton category in years 2008 and 2012,REAL,REST call Time: 0.022013 seconds
Real Test 1,content: Lin Dan won olympics in the badminton category in years 2008 and 2012,REAL,REST call Time: 0.020881 seconds
Real Test 1,content: Lin Dan won olympics in the badminton category in years 2008 and 2012,REAL,REST call Time: 0.024351 seconds
Real Test 1,content: Lin Dan won olympics in the badminton category in years 2008 and 2012,REAL,REST call Time: 0.034873 seconds
Real Test 1,content: Lin Dan won olympics in the badminton category in years 2008 and 2012,REAL,REST call Time: 0.029387 seconds
Real Test 1,content: Lin Dan won olympics in the badminton category in years 2008 and 2012,REAL,REST call Time: 0.027046 seconds
Real Test 1,content: Lin Dan won olympics in the badminton category in years 2008 and 2012,REAL,REST call Time: 0.020681 seconds
Real Test 1,content: Lin Dan won olympics in the badminton category in years 2008 and 2012,REAL,REST call Time: 0.061188 seconds
Real Test 1,content: Lin Dan won olympics in the badminton category in years 2008 and 2012,REAL,REST call Time: 0.025524 seconds
Real Test 1,content: Lin Dan won olympics in the badminton category in years 2008 and 2012,REAL,REST call Time: 0.026007 seconds
Real Test 1,content: Lin Dan won olympics in the badminton category in years 2008 and 2012,REAL,REST call Time: 0.028823 seconds
Real Test 1,content: Lin Dan won olympics in the badminton category in years 2008 and 2012,REAL,REST call Time: 0.027681 seconds
Real Test 1,content: Lin Dan won olympics in the badminton category in years 2008 and 2012,REAL,REST call Time: 0.021153 seconds
Real Test 1,content: Lin Dan won olympics in the badminton category in years 2008 and 2012,REAL,REST call Time: 0.024189 seconds
Real Test 1,content: Lin Dan won olympics in the badminton category in years 2008 and 2012,REAL,REST call Time: 0.055028 seconds
Real Test 1,content: Lin Dan won olympics in the badminton category in years 2008 and 2012,REAL,REST call Time: 0.032307 seconds
Real Test 1,content: Lin Dan won olympics in the badminton category in years 2008 and 2012,REAL,REST call Time: 0.023340 seconds
Real Test 1,content: Lin Dan won olympics in the badminton category in years 2008 and 2012,REAL,REST call Time: 0.023313 seconds
Real Test 1,content: Lin Dan won olympics in the badminton category in years 2008 and 2012,REAL,REST call Time: 0.021057 seconds
Real Test 1,content: Lin Dan won olympics in the badminton category in years 2008 and 2012,REAL,REST call Time: 0.031618 seconds
Real Test 1,content: Lin Dan won olympics in the badminton category in years 2008 and 2012,REAL,REST call Time: 0.032219 seconds
Real Test 1,content: Lin Dan won olympics in the badminton category in years 2008 and 2012,REAL,REST call Time: 0.031885 seconds
Real Test 1,content: Lin Dan won olympics in the badminton category in years 2008 and 2012,REAL,REST call Time: 0.021108 seconds
Real Test 1,content: Lin Dan won olympics in the badminton category in years 2008 and 2012,REAL,REST call Time: 0.020516 seconds
Real Test 1,content: Lin Dan won olympics in the badminton category in years 2008 and 2012,REAL,REST call Time: 0.022296 seconds
Real Test 1,content: Lin Dan won olympics in the badminton category in years 2008 and 2012,REAL,REST call Time: 0.022084 seconds
Real Test 1,content: Lin Dan won olympics in the badminton category in years 2008 and 2012,REAL,REST call Time: 0.021002 seconds
Real Test 1,content: Lin Dan won olympics in the badminton category in years 2008 and 2012,REAL,REST call Time: 0.021027 seconds
Real Test 1,content: Lin Dan won olympics in the badminton category in years 2008 and 2012,REAL,REST call Time: 0.032326 seconds
Real Test 1,content: Lin Dan won olympics in the badminton category in years 2008 and 2012,REAL,REST call Time: 0.022264 seconds
Real Test 1,content: Lin Dan won olympics in the badminton category in years 2008 and 2012,REAL,REST call Time: 0.019245 seconds
Real Test 1,content: Lin Dan won olympics in the badminton category in years 2008 and 2012,REAL,REST call Time: 0.020354 seconds
Real Test 1,content: Lin Dan won olympics in the badminton category in years 2008 and 2012,REAL,REST call Time: 0.022266 seconds
Real Test 1,content: Lin Dan won olympics in the badminton category in years 2008 and 2012,REAL,REST call Time: 0.019947 seconds
Real Test 1,content: Lin Dan won olympics in the badminton category in years 2008 and 2012,REAL,REST call Time: 0.022113 seconds
Real Test 1,content: Lin Dan won olympics in the badminton category in years 2008 and 2012,REAL,REST call Time: 0.020502 seconds
Real Test 1,content: Lin Dan won olympics in the badminton category in years 2008 and 2012,REAL,REST call Time: 0.021898 seconds
Real Test 1,content: Lin Dan won olympics in the badminton category in years 2008 and 2012,REAL,REST call Time: 0.020135 seconds
Real Test 1,content: Lin Dan won olympics in the badminton category in years 2008 and 2012,REAL,REST call Time: 0.019802 seconds
Real Test 1,content: Lin Dan won olympics in the badminton category in years 2008 and 2012,REAL,REST call Time: 0.022931 seconds
Real Test 1,content: Lin Dan won olympics in the badminton category in years 2008 and 2012,REAL,REST call Time: 0.023642 seconds
Real Test 1,content: Lin Dan won olympics in the badminton category in years 2008 and 2012,REAL,REST call Time: 0.020162 seconds
Real Test 1,content: Lin Dan won olympics in the badminton category in years 2008 and 2012,REAL,REST call Time: 0.019329 seconds
Real Test 1,content: Lin Dan won olympics in the badminton category in years 2008 and 2012,REAL,REST call Time: 0.018858 seconds
Real Test 1,content: Lin Dan won olympics in the badminton category in years 2008 and 2012,REAL,REST call Time: 0.022137 seconds
Real Test 1,content: Lin Dan won olympics in the badminton category in years 2008 and 2012,REAL,REST call Time: 0.021331 seconds
Real Test 1,content: Lin Dan won olympics in the badminton category in years 2008 and 2012,REAL,REST call Time: 0.023873 seconds
Real Test 1,content: Lin Dan won olympics in the badminton category in years 2008 and 2012,REAL,REST call Time: 0.019671 seconds
Real Test 1,content: Lin Dan won olympics in the badminton category in years 2008 and 2012,REAL,REST call Time: 0.021497 seconds
Real Test 1,content: Lin Dan won olympics in the badminton category in years 2008 and 2012,REAL,REST call Time: 0.019332 seconds
Real Test 1,content: Lin Dan won olympics in the badminton category in years 2008 and 2012,REAL,REST call Time: 0.018779 seconds
Real Test 1,content: Lin Dan won olympics in the badminton category in years 2008 and 2012,REAL,REST call Time: 0.019112 seconds
Real Test 1,content: Lin Dan won olympics in the badminton category in years 2008 and 2012,REAL,REST call Time: 0.021943 seconds
Real Test 1,content: Lin Dan won olympics in the badminton category in years 2008 and 2012,REAL,REST call Time: 0.022064 seconds
Real Test 1,content: Lin Dan won olympics in the badminton category in years 2008 and 2012,REAL,REST call Time: 0.030628 seconds
Real Test 2,content: Michael Phelps became a multiple time olympic winner today!,REAL,REST call Time: 0.022165 seconds
Real Test 2,content: Michael Phelps became a multiple time olympic winner today!,REAL,REST call Time: 0.021647 seconds
Real Test 2,content: Michael Phelps became a multiple time olympic winner today!,REAL,REST call Time: 0.021197 seconds
Real Test 2,content: Michael Phelps became a multiple time olympic winner today!,REAL,REST call Time: 0.021626 seconds
Real Test 2,content: Michael Phelps became a multiple time olympic winner today!,REAL,REST call Time: 0.024294 seconds
Real Test 2,content: Michael Phelps became a multiple time olympic winner today!,REAL,REST call Time: 0.023855 seconds
Real Test 2,content: Michael Phelps became a multiple time olympic winner today!,REAL,REST call Time: 0.023406 seconds
Real Test 2,content: Michael Phelps became a multiple time olympic winner today!,REAL,REST call Time: 0.050110 seconds
Real Test 2,content: Michael Phelps became a multiple time olympic winner today!,REAL,REST call Time: 0.025538 seconds
Real Test 2,content: Michael Phelps became a multiple time olympic winner today!,REAL,REST call Time: 0.067202 seconds
Real Test 2,content: Michael Phelps became a multiple time olympic winner today!,REAL,REST call Time: 0.036493 seconds
Real Test 2,content: Michael Phelps became a multiple time olympic winner today!,REAL,REST call Time: 0.022393 seconds
Real Test 2,content: Michael Phelps became a multiple time olympic winner today!,REAL,REST call Time: 0.034482 seconds
Real Test 2,content: Michael Phelps became a multiple time olympic winner today!,REAL,REST call Time: 0.040058 seconds
Real Test 2,content: Michael Phelps became a multiple time olympic winner today!,REAL,REST call Time: 0.040909 seconds
Real Test 2,content: Michael Phelps became a multiple time olympic winner today!,REAL,REST call Time: 0.023322 seconds
Real Test 2,content: Michael Phelps became a multiple time olympic winner today!,REAL,REST call Time: 0.033222 seconds
Real Test 2,content: Michael Phelps became a multiple time olympic winner today!,REAL,REST call Time: 0.028584 seconds
Real Test 2,content: Michael Phelps became a multiple time olympic winner today!,REAL,REST call Time: 0.023498 seconds
Real Test 2,content: Michael Phelps became a multiple time olympic winner today!,REAL,REST call Time: 0.022176 seconds
Real Test 2,content: Michael Phelps became a multiple time olympic winner today!,REAL,REST call Time: 0.020386 seconds
Real Test 2,content: Michael Phelps became a multiple time olympic winner today!,REAL,REST call Time: 0.022183 seconds
Real Test 2,content: Michael Phelps became a multiple time olympic winner today!,REAL,REST call Time: 0.026761 seconds
Real Test 2,content: Michael Phelps became a multiple time olympic winner today!,REAL,REST call Time: 0.025274 seconds
Real Test 2,content: Michael Phelps became a multiple time olympic winner today!,REAL,REST call Time: 0.021728 seconds
Real Test 2,content: Michael Phelps became a multiple time olympic winner today!,REAL,REST call Time: 0.020740 seconds
Real Test 2,content: Michael Phelps became a multiple time olympic winner today!,REAL,REST call Time: 0.027179 seconds
Real Test 2,content: Michael Phelps became a multiple time olympic winner today!,REAL,REST call Time: 0.021888 seconds
Real Test 2,content: Michael Phelps became a multiple time olympic winner today!,REAL,REST call Time: 0.021392 seconds
Real Test 2,content: Michael Phelps became a multiple time olympic winner today!,REAL,REST call Time: 0.020525 seconds
Real Test 2,content: Michael Phelps became a multiple time olympic winner today!,REAL,REST call Time: 0.024650 seconds
Real Test 2,content: Michael Phelps became a multiple time olympic winner today!,REAL,REST call Time: 0.024307 seconds
Real Test 2,content: Michael Phelps became a multiple time olympic winner today!,REAL,REST call Time: 0.021029 seconds
Real Test 2,content: Michael Phelps became a multiple time olympic winner today!,REAL,REST call Time: 0.023018 seconds
Real Test 2,content: Michael Phelps became a multiple time olympic winner today!,REAL,REST call Time: 0.021083 seconds
Real Test 2,content: Michael Phelps became a multiple time olympic winner today!,REAL,REST call Time: 0.022985 seconds
Real Test 2,content: Michael Phelps became a multiple time olympic winner today!,REAL,REST call Time: 0.028706 seconds
Real Test 2,content: Michael Phelps became a multiple time olympic winner today!,REAL,REST call Time: 0.024215 seconds
Real Test 2,content: Michael Phelps became a multiple time olympic winner today!,REAL,REST call Time: 0.025492 seconds
Real Test 2,content: Michael Phelps became a multiple time olympic winner today!,REAL,REST call Time: 0.021540 seconds
Real Test 2,content: Michael Phelps became a multiple time olympic winner today!,REAL,REST call Time: 0.034415 seconds
Real Test 2,content: Michael Phelps became a multiple time olympic winner today!,REAL,REST call Time: 0.022400 seconds
Real Test 2,content: Michael Phelps became a multiple time olympic winner today!,REAL,REST call Time: 0.028830 seconds
Real Test 2,content: Michael Phelps became a multiple time olympic winner today!,REAL,REST call Time: 0.029337 seconds
Real Test 2,content: Michael Phelps became a multiple time olympic winner today!,REAL,REST call Time: 0.031296 seconds
Real Test 2,content: Michael Phelps became a multiple time olympic winner today!,REAL,REST call Time: 0.022494 seconds
Real Test 2,content: Michael Phelps became a multiple time olympic winner today!,REAL,REST call Time: 0.024749 seconds
Real Test 2,content: Michael Phelps became a multiple time olympic winner today!,REAL,REST call Time: 0.024081 seconds
Real Test 2,content: Michael Phelps became a multiple time olympic winner today!,REAL,REST call Time: 0.039954 seconds
Real Test 2,content: Michael Phelps became a multiple time olympic winner today!,REAL,REST call Time: 0.036257 seconds
Real Test 2,content: Michael Phelps became a multiple time olympic winner today!,REAL,REST call Time: 0.023538 seconds
Real Test 2,content: Michael Phelps became a multiple time olympic winner today!,REAL,REST call Time: 0.022061 seconds
Real Test 2,content: Michael Phelps became a multiple time olympic winner today!,REAL,REST call Time: 0.022452 seconds
Real Test 2,content: Michael Phelps became a multiple time olympic winner today!,REAL,REST call Time: 0.022358 seconds
Real Test 2,content: Michael Phelps became a multiple time olympic winner today!,REAL,REST call Time: 0.024482 seconds
Real Test 2,content: Michael Phelps became a multiple time olympic winner today!,REAL,REST call Time: 0.022493 seconds
Real Test 2,content: Michael Phelps became a multiple time olympic winner today!,REAL,REST call Time: 0.023906 seconds
Real Test 2,content: Michael Phelps became a multiple time olympic winner today!,REAL,REST call Time: 0.020386 seconds
Real Test 2,content: Michael Phelps became a multiple time olympic winner today!,REAL,REST call Time: 0.021879 seconds
Real Test 2,content: Michael Phelps became a multiple time olympic winner today!,REAL,REST call Time: 0.020342 seconds
Real Test 2,content: Michael Phelps became a multiple time olympic winner today!,REAL,REST call Time: 0.020473 seconds
Real Test 2,content: Michael Phelps became a multiple time olympic winner today!,REAL,REST call Time: 0.022995 seconds
Real Test 2,content: Michael Phelps became a multiple time olympic winner today!,REAL,REST call Time: 0.020343 seconds
Real Test 2,content: Michael Phelps became a multiple time olympic winner today!,REAL,REST call Time: 0.020447 seconds
Real Test 2,content: Michael Phelps became a multiple time olympic winner today!,REAL,REST call Time: 0.020592 seconds
Real Test 2,content: Michael Phelps became a multiple time olympic winner today!,REAL,REST call Time: 0.019117 seconds
Real Test 2,content: Michael Phelps became a multiple time olympic winner today!,REAL,REST call Time: 0.020591 seconds
Real Test 2,content: Michael Phelps became a multiple time olympic winner today!,REAL,REST call Time: 0.021356 seconds
Real Test 2,content: Michael Phelps became a multiple time olympic winner today!,REAL,REST call Time: 0.022263 seconds
Real Test 2,content: Michael Phelps became a multiple time olympic winner today!,REAL,REST call Time: 0.023078 seconds
Real Test 2,content: Michael Phelps became a multiple time olympic winner today!,REAL,REST call Time: 0.020399 seconds
Real Test 2,content: Michael Phelps became a multiple time olympic winner today!,REAL,REST call Time: 0.023950 seconds
Real Test 2,content: Michael Phelps became a multiple time olympic winner today!,REAL,REST call Time: 0.027504 seconds
Real Test 2,content: Michael Phelps became a multiple time olympic winner today!,REAL,REST call Time: 0.022639 seconds
Real Test 2,content: Michael Phelps became a multiple time olympic winner today!,REAL,REST call Time: 0.022322 seconds
Real Test 2,content: Michael Phelps became a multiple time olympic winner today!,REAL,REST call Time: 0.024863 seconds
Real Test 2,content: Michael Phelps became a multiple time olympic winner today!,REAL,REST call Time: 0.022012 seconds
Real Test 2,content: Michael Phelps became a multiple time olympic winner today!,REAL,REST call Time: 0.028413 seconds
Real Test 2,content: Michael Phelps became a multiple time olympic winner today!,REAL,REST call Time: 0.024794 seconds
Real Test 2,content: Michael Phelps became a multiple time olympic winner today!,REAL,REST call Time: 0.025636 seconds
Real Test 2,content: Michael Phelps became a multiple time olympic winner today!,REAL,REST call Time: 0.021649 seconds
Real Test 2,content: Michael Phelps became a multiple time olympic winner today!,REAL,REST call Time: 0.019956 seconds
Real Test 2,content: Michael Phelps became a multiple time olympic winner today!,REAL,REST call Time: 0.021677 seconds
Real Test 2,content: Michael Phelps became a multiple time olympic winner today!,REAL,REST call Time: 0.020090 seconds
Real Test 2,content: Michael Phelps became a multiple time olympic winner today!,REAL,REST call Time: 0.025641 seconds
Real Test 2,content: Michael Phelps became a multiple time olympic winner today!,REAL,REST call Time: 0.024657 seconds
Real Test 2,content: Michael Phelps became a multiple time olympic winner today!,REAL,REST call Time: 0.021164 seconds
Real Test 2,content: Michael Phelps became a multiple time olympic winner today!,REAL,REST call Time: 0.021347 seconds
Real Test 2,content: Michael Phelps became a multiple time olympic winner today!,REAL,REST call Time: 0.022514 seconds
Real Test 2,content: Michael Phelps became a multiple time olympic winner today!,REAL,REST call Time: 0.047127 seconds
Real Test 2,content: Michael Phelps became a multiple time olympic winner today!,REAL,REST call Time: 0.039822 seconds
Real Test 2,content: Michael Phelps became a multiple time olympic winner today!,REAL,REST call Time: 0.052856 seconds
Real Test 2,content: Michael Phelps became a multiple time olympic winner today!,REAL,REST call Time: 0.023933 seconds
Real Test 2,content: Michael Phelps became a multiple time olympic winner today!,REAL,REST call Time: 0.022931 seconds
Real Test 2,content: Michael Phelps became a multiple time olympic winner today!,REAL,REST call Time: 0.034231 seconds
Real Test 2,content: Michael Phelps became a multiple time olympic winner today!,REAL,REST call Time: 0.044728 seconds
Real Test 2,content: Michael Phelps became a multiple time olympic winner today!,REAL,REST call Time: 0.024013 seconds
Real Test 2,content: Michael Phelps became a multiple time olympic winner today!,REAL,REST call Time: 0.031799 seconds
Real Test 2,content: Michael Phelps became a multiple time olympic winner today!,REAL,REST call Time: 0.044584 seconds
Real Test 2,content: Michael Phelps became a multiple time olympic winner today!,REAL,REST call Time: 0.023480 seconds
